year,Total
2009,18543600000.0
2010,17284500000.0
2011,20086400000.0
2012,23348400000.0
2013,29234400000.0
2014,30913700000.0
2015,38851100000.0
2016,36341200000.0
2017,38345600000.0
2018,54401700000.0
2019,52151800000.0
2020,56652700000.0
2021,68849500000.0
2022,68664800000.0
2023,69121300000.0
2024,84371900000.00002
2025,101308900000.0
2026,92701200000.0
2027,87752400000.00002
2028,77466300000.0
2029,67934899999.99999
2030,63580100000.0
