year,Total
2009,18545400000.0
2010,17281900000.0
2011,20081600000.000004
2012,23337600000.0
2013,29282200000.0
2014,30890900000.0
2015,38976000000.0
2016,36408900000.0
2017,38465100000.0
2018,54588700000.0
2019,53075700000.00001
2020,56867900000.0
2021,68753100000.0
2022,67459400000.00001
2023,68650000000.0
2024,102597700000.0
2025,88713100000.0
2026,84975599999.99998
2027,76851000000.0
2028,74053800000.0
2029,63125100000.0
