year,Total
2009,220512800000.00003
2010,231716900000.0
2011,252750400000.0
2012,283090100000.0
2013,323298399999.99994
2014,349393900000.0
2015,367769300000.0
2016,413927399999.99994
2017,489787000000.0
2018,532014199999.99994
2019,586938900000.0
2020,635474600000.0
2021,651395100000.0
2022,655321000000.0
2023,685469299999.9999
