year,Total
2009,217848400000.0
2010,229643400000.0
2011,250689300000.0
2012,280996800000.0
2013,321606500000.0
2014,347619399999.99994
2015,366316800000.0
2016,412442300000.0
2017,488511200000.0
2018,533322300000.00006
2019,590317900000.0
2020,640986000000.0
2021,659161200000.0
2022,662748400000.0
2023,695777500000.0
2024,707268800000.0
