year,Total
2009,18545400000.0
2010,17281600000.0
2011,20081300000.0
2012,23337600000.0
2013,29282700000.0
2014,30889500000.0
2015,38974600000.0
2016,36407500000.0
2017,38463700000.0
2018,54585900000.0
2019,53059800000.0
2020,56848799999.99999
2021,68673400000.00001
2022,67435300000.0
2023,68221899999.99999
2024,102687100000.0
2025,88692400000.0
2026,84881200000.0
2027,76639200000.0
2028,73753400000.0
2029,62742300000.0
