year,Total
2009,18540100000.0
2010,17277300000.0
2011,20072000000.0
2012,23377900000.0
2013,29292800000.000004
2014,30941300000.000004
2015,39001600000.0
2016,36563800000.0
2017,38627600000.0
2018,54505200000.00001
2019,54324400000.0
2020,58658700000.00001
2021,68380300000.0
2022,72029000000.0
2023,68852500000.0
2024,73965200000.0
2025,66461599999.99999
2026,61022400000.0
2027,52815600000.0
