name,year,Total aid to health,Share of total ODA
"DAC Countries, Total",2014,21174.268405678173,14.4%
"DAC Countries, Total",2015,17675.663577733314,12.6%
"DAC Countries, Total",2016,19659.704016110874,12.7%
"DAC Countries, Total",2017,20859.596379570587,13.2%
"DAC Countries, Total",2018,21183.260817525847,13.1%
"DAC Countries, Total",2019,18763.47559901107,11.9%
"DAC Countries, Total",2020,25266.54329199291,14.6%
