value,change,top_label,arrow,bottom_label
586.644357,-10.162133480222197,as of 11 May 2023,-0.10162133480222198,in the last 30 days
