value,change,top_label,arrow,bottom_label
671.231566,2.090200222213693,as of 17 Jun 2023,0.02090200222213693,in the last 30 days
