value,change,top_label,arrow,bottom_label
371.0503,-3.1037632274354725,as of 22 Jun 2024,-0.031037632274354725,in the last 30 days
