value,change,top_label,arrow,bottom_label
533.738222,-4.02802071786136,as of 13 Feb 2024,-0.0402802071786136,in the last 30 days
