value,change,top_label,arrow,bottom_label
616.801476,-0.018459906780275034,as of 27 Jan 2023,-0.00018459906780275034,in the last 30 days
