value,change,top_label,arrow,bottom_label
583.324466,-9.059925369563643,as of 18 May 2023,-0.09059925369563644,in the last 30 days
