value,change,top_label,arrow,bottom_label
678.547019,0.006612948831481227,as of 25 Oct 2023,6.612948831481227e-05,in the last 30 days
