value,change,top_label,arrow,bottom_label
358.502082,-9.953750781887639,as of 23 Apr 2024,-0.09953750781887638,in the last 30 days
