value,change,top_label,arrow,bottom_label
363.667968,-2.4030601109532075,as of 29 May 2024,-0.024030601109532073,in the last 30 days
