value,change,top_label,arrow,bottom_label
613.784638,1.8638933546966305,as of 17 Nov 2022,0.018638933546966305,in the last 30 days
