value,change,top_label,arrow,bottom_label
373.769363,-8.599409289082539,as of 02 Apr 2024,-0.0859940928908254,in the last 30 days
