value,change,top_label,arrow,bottom_label
636.90799,3.9449052890026253,as of 08 Feb 2023,0.03944905289002625,in the last 30 days
