value,change,top_label,arrow,bottom_label
565.115686,-9.775415785405485,as of 08 Jan 2024,-0.09775415785405485,in the last 30 days
