value,change,top_label,arrow,bottom_label
616.727122,0.09481111485573275,as of 14 Dec 2022,0.0009481111485573275,in the last 30 days
