value,change,top_label,arrow,bottom_label
586.735472,-10.257313939288649,as of 04 May 2023,-0.10257313939288648,in the last 30 days
