value,change,top_label,arrow,bottom_label
676.456643,0.35349198224195755,as of 02 Oct 2023,0.0035349198224195752,in the last 30 days
