value,change,top_label,arrow,bottom_label
616.549668,0.11675433651964379,as of 07 Dec 2022,0.0011675433651964378,in the last 30 days
