value,change,top_label,arrow,bottom_label
680.07245,0.8962405979877148,as of 18 Oct 2023,0.008962405979877148,in the last 30 days
