value,change,top_label,arrow,bottom_label
679.655717,1.3612199970945003,as of 28 Sep 2023,0.013612199970945002,in the last 30 days
