value,change,top_label,arrow,bottom_label
617.356295,2.251311251830072,as of 13 Nov 2022,0.022513112518300724,in the last 30 days
