value,change,top_label,arrow,bottom_label
612.844315,1.2865715346464242,as of 27 Nov 2022,0.01286571534646424,in the last 30 days
