value,change,top_label,arrow,bottom_label
547.457736,-7.90334732426777,as of 23 Jan 2024,-0.0790334732426777,in the last 30 days
