value,change,top_label,arrow,bottom_label
649.000525,-2.237048754299156,as of 27 Mar 2023,-0.022370487542991563,in the last 30 days
