value,change,top_label,arrow,bottom_label
680.121942,0.007277459923571379,as of 17 Nov 2023,7.277459923571379e-05,in the last 30 days
