value,change,top_label,arrow,bottom_label
406.728888,-23.836495262209016,as of 15 Mar 2024,-0.23836495262209018,in the last 30 days
