value,change,top_label,arrow,bottom_label
583.17065,-10.637082799709601,as of 08 May 2023,-0.106370827997096,in the last 30 days
