value,change,top_label,arrow,bottom_label
676.060921,1.2998413952255112,as of 21 Sep 2023,0.012998413952255112,in the last 30 days
