value,change,top_label,arrow,bottom_label
680.866845,0.257445355419172,as of 13 Nov 2023,0.0025744535541917203,in the last 30 days
