value,change,top_label,arrow,bottom_label
644.354865,-0.09859752885471346,as of 17 Apr 2023,-0.0009859752885471346,in the last 30 days
