value,change,top_label,arrow,bottom_label
493.993597,24.277397317412955,as of 28 Jul 2024,0.24277397317412955,in the last 30 days
