value,change,top_label,arrow,bottom_label
373.573262,-7.663041922956111,as of 12 Apr 2024,-0.07663041922956111,in the last 30 days
