value,change,top_label,arrow,bottom_label
677.74275,0.8502295781267677,as of 12 Oct 2023,0.008502295781267677,in the last 30 days
