value,change,top_label,arrow,bottom_label
614.396206,-0.5468429350515949,as of 21 Dec 2022,-0.005468429350515949,in the last 30 days
