value,change,top_label,arrow,bottom_label
618.141804,0.9660185640904132,as of 30 Dec 2022,0.009660185640904132,in the last 30 days
