value,change,top_label,arrow,bottom_label
679.221305,0.07986909869426537,as of 24 Oct 2023,0.0007986909869426537,in the last 30 days
