value,change,top_label,arrow,bottom_label
478.926645,20.47471465350234,as of 26 Jul 2024,0.2047471465350234,in the last 30 days
