value,change,top_label,arrow,bottom_label
607.361512,-0.1651526540562749,as of 27 Oct 2022,-0.0016515265405627492,in the last 30 days
