value,change,top_label,arrow,bottom_label
487.143403,22.290026542805347,as of 21 Jul 2024,0.22290026542805347,in the last 30 days
