value,change,top_label,arrow,bottom_label
613.968331,0.8549368619225599,as of 05 Dec 2022,0.0085493686192256,in the last 30 days
