value,change,top_label,arrow,bottom_label
659.413215,3.522439769974735,as of 09 Mar 2023,0.03522439769974735,in the last 30 days
