value,change,top_label,arrow,bottom_label
614.108745,-0.2103010738928152,as of 26 Jan 2023,-0.002103010738928152,in the last 30 days
