value,change,top_label,arrow,bottom_label
492.752947,0.5902590894595624,as of 06 Aug 2024,0.005902590894595624,in the last 30 days
