value,change,top_label,arrow,bottom_label
615.304603,-0.4810457622559267,as of 18 Dec 2022,-0.004810457622559267,in the last 30 days
