value,change,top_label,arrow,bottom_label
532.401255,-5.888812157301254,as of 07 Feb 2024,-0.05888812157301254,in the last 30 days
