value,change,top_label,arrow,bottom_label
632.32283,2.7609141310115866,as of 03 Feb 2023,0.027609141310115867,in the last 30 days
