value,change,top_label,arrow,bottom_label
658.304717,3.781541801369206,as of 07 Mar 2023,0.03781541801369206,in the last 30 days
