value,change,top_label,arrow,bottom_label
351.387408,-8.387484249460904,as of 23 Jun 2024,-0.08387484249460904,in the last 30 days
