value,change,top_label,arrow,bottom_label
373.910269,-8.78474884830186,as of 08 Apr 2024,-0.0878474884830186,in the last 30 days
