value,change,top_label,arrow,bottom_label
678.709313,0.6918552671660749,as of 04 Oct 2023,0.006918552671660749,in the last 30 days
