value,change,top_label,arrow,bottom_label
614.127865,-0.5630405660762916,as of 22 Dec 2022,-0.005630405660762916,in the last 30 days
