value,change,top_label,arrow,bottom_label
382.927575,-2.159092658156601,as of 02 Jul 2024,-0.02159092658156601,in the last 30 days
