value,change,top_label,arrow,bottom_label
584.659071,-10.679027753926079,as of 06 May 2023,-0.10679027753926078,in the last 30 days
