value,change,top_label,arrow,bottom_label
380.89062,-2.998679313213533,as of 05 Jul 2024,-0.02998679313213533,in the last 30 days
