value,change,top_label,arrow,bottom_label
601.751594,-1.3008107001178226,as of 16 Oct 2022,-0.013008107001178227,in the last 30 days
