value,change,top_label,arrow,bottom_label
595.769753,-10.77270150648877,as of 21 Dec 2023,-0.1077270150648877,in the last 30 days
