value,change,top_label,arrow,bottom_label
510.979605,-4.504979308178314,as of 25 Feb 2024,-0.04504979308178314,in the last 30 days
