value,change,top_label,arrow,bottom_label
613.783453,-0.030184434004507092,as of 04 Jan 2023,-0.00030184434004507094,in the last 30 days
