value,change,top_label,arrow,bottom_label
493.756202,24.16283571187906,as of 27 Jul 2024,0.2416283571187906,in the last 30 days
