value,change,top_label,arrow,bottom_label
649.328466,-1.736223028553177,as of 25 Mar 2023,-0.01736223028553177,in the last 30 days
