value,change,top_label,arrow,bottom_label
626.718864,-7.574934352858927,as of 01 Dec 2023,-0.07574934352858927,in the last 30 days
