value,change,top_label,arrow,bottom_label
373.863554,-8.576376066213355,as of 02 Apr 2024,-0.08576376066213355,in the last 30 days
