value,change,top_label,arrow,bottom_label
679.653479,0.5625462085604717,as of 19 Oct 2023,0.005625462085604716,in the last 30 days
