value,change,top_label,arrow,bottom_label
640.797456,-1.1801638173832343,as of 20 Apr 2023,-0.011801638173832342,in the last 30 days
