value,change,top_label,arrow,bottom_label
677.491986,0.4659155644147588,as of 03 Oct 2023,0.004659155644147588,in the last 30 days
