value,change,top_label,arrow,bottom_label
534.230814,-3.701396820439942,as of 16 Feb 2024,-0.03701396820439942,in the last 30 days
