value,change,top_label,arrow,bottom_label
647.442322,-2.057630584742364,as of 23 Mar 2023,-0.020576305847423638,in the last 30 days
