value,change,top_label,arrow,bottom_label
598.172784,-0.44716352368428214,as of 27 May 2023,-0.004471635236842821,in the last 30 days
