value,change,top_label,arrow,bottom_label
534.074211,-10.051531491842812,as of 26 Jan 2024,-0.10051531491842812,in the last 30 days
