value,change,top_label,arrow,bottom_label
617.241576,0.36612533737990793,as of 10 Dec 2022,0.003661253373799079,in the last 30 days
