value,change,top_label,arrow,bottom_label
578.990353,-7.902827045063172,as of 05 Jan 2024,-0.07902827045063172,in the last 30 days
