value,change,top_label,arrow,bottom_label
669.87003,1.6884787687370637,as of 29 Aug 2023,0.016884787687370638,in the last 30 days
