value,change,top_label,arrow,bottom_label
611.534155,-0.7876321186915083,as of 17 Jan 2023,-0.007876321186915083,in the last 30 days
