value,change,top_label,arrow,bottom_label
615.291383,-0.6476862067346343,as of 29 Jan 2023,-0.006476862067346343,in the last 30 days
