value,change,top_label,arrow,bottom_label
624.19337,-6.24848879091827,as of 11 Jul 2023,-0.0624848879091827,in the last 30 days
