value,change,top_label,arrow,bottom_label
605.152845,-0.5554453880459215,as of 21 Oct 2022,-0.005554453880459215,in the last 30 days
