value,change,top_label,arrow,bottom_label
679.346188,1.018090369385906,as of 09 Nov 2023,0.01018090369385906,in the last 30 days
