value,change,top_label,arrow,bottom_label
587.720648,-8.87544864395911,as of 15 May 2023,-0.08875448643959111,in the last 30 days
