value,change,top_label,arrow,bottom_label
605.508513,-0.5134735509858059,as of 22 Oct 2022,-0.005134735509858059,in the last 30 days
