value,change,top_label,arrow,bottom_label
670.356479,-0.9814765644260725,as of 26 Nov 2023,-0.009814765644260724,in the last 30 days
