value,change,top_label,arrow,bottom_label
652.409381,-1.0304994933278913,as of 07 Apr 2023,-0.010304994933278912,in the last 30 days
