value,change,top_label,arrow,bottom_label
680.273192,0.31589944467660214,as of 11 Nov 2023,0.0031589944467660214,in the last 30 days
