value,change,top_label,arrow,bottom_label
678.195125,0.5905972715694519,as of 07 Oct 2023,0.005905972715694518,in the last 30 days
