value,change,top_label,arrow,bottom_label
680.310201,0.24745218134875593,as of 29 Oct 2023,0.0024745218134875594,in the last 30 days
