value,change,top_label,arrow,bottom_label
634.92607,3.126428771890711,as of 06 Feb 2023,0.03126428771890711,in the last 30 days
