value,change,top_label,arrow,bottom_label
652.936681,6.414664549232139,as of 18 Feb 2023,0.0641466454923214,in the last 30 days
