value,change,top_label,arrow,bottom_label
679.676101,0.14341270796815905,as of 10 Nov 2023,0.0014341270796815904,in the last 30 days
