value,change,top_label,arrow,bottom_label
495.859949,1.7831416404643883,as of 22 Aug 2024,0.017831416404643884,in the last 30 days
