value,change,top_label,arrow,bottom_label
376.056806,-1.3612744982795506,as of 14 Jun 2024,-0.013612744982795506,in the last 30 days
