value,change,top_label,arrow,bottom_label
398.380584,-25.496444804700484,as of 23 Mar 2024,-0.25496444804700485,in the last 30 days
