value,change,top_label,arrow,bottom_label
371.281715,-2.813135759661157,as of 21 Jun 2024,-0.02813135759661157,in the last 30 days
