value,change,top_label,arrow,bottom_label
546.9329,-8.026389171390234,as of 22 Jan 2024,-0.08026389171390233,in the last 30 days
