value,change,top_label,arrow,bottom_label
663.399783,7.512635360157908,as of 01 Mar 2023,0.07512635360157909,in the last 30 days
