value,change,top_label,arrow,bottom_label
492.790175,-0.6393938127283922,as of 31 Aug 2024,-0.006393938127283922,in the last 30 days
