value,change,top_label,arrow,bottom_label
626.430554,-7.725620821394531,as of 29 Nov 2023,-0.07725620821394531,in the last 30 days
