value,change,top_label,arrow,bottom_label
582.531091,-9.106772804088973,as of 19 May 2023,-0.09106772804088972,in the last 30 days
