value,change,top_label,arrow,bottom_label
667.228414,1.4392118236450777,as of 25 Aug 2023,0.014392118236450778,in the last 30 days
