value,change,top_label,arrow,bottom_label
495.965483,1.7951895096434658,as of 20 Aug 2024,0.017951895096434658,in the last 30 days
