value,change,top_label,arrow,bottom_label
616.407924,2.1012395214380306,as of 11 Nov 2022,0.021012395214380305,in the last 30 days
