value,change,top_label,arrow,bottom_label
575.671461,-10.23431903473791,as of 22 Jul 2023,-0.1023431903473791,in the last 30 days
