value,change,top_label,arrow,bottom_label
611.412091,-0.9511298002873416,as of 08 Jan 2023,-0.009511298002873416,in the last 30 days
