value,change,top_label,arrow,bottom_label
646.939077,-1.1324844280498958,as of 20 Mar 2023,-0.011324844280498958,in the last 30 days
