value,change,top_label,arrow,bottom_label
608.615522,0.81707788864182,as of 02 Nov 2022,0.0081707788864182,in the last 30 days
