value,change,top_label,arrow,bottom_label
600.492325,0.28154173059279164,as of 29 May 2023,0.0028154173059279164,in the last 30 days
