value,change,top_label,arrow,bottom_label
576.911496,-9.84027484474958,as of 24 Jul 2023,-0.09840274844749579,in the last 30 days
