value,change,top_label,arrow,bottom_label
533.665319,-3.937937743727873,as of 15 Feb 2024,-0.03937937743727873,in the last 30 days
