value,change,top_label,arrow,bottom_label
377.910327,1.1919737994335524,as of 06 May 2024,0.011919737994335525,in the last 30 days
