value,change,top_label,arrow,bottom_label
601.920719,1.6435465925375745,as of 04 Jun 2023,0.016435465925375745,in the last 30 days
