value,change,top_label,arrow,bottom_label
577.499679,-9.793040846792863,as of 20 Jul 2023,-0.09793040846792862,in the last 30 days
