value,change,top_label,arrow,bottom_label
382.920426,-2.252835054551049,as of 29 Jun 2024,-0.02252835054551049,in the last 30 days
