value,change,top_label,arrow,bottom_label
627.132308,-7.496868787981008,as of 04 Dec 2023,-0.07496868787981008,in the last 30 days
