value,change,top_label,arrow,bottom_label
380.290149,-3.178713711193584,as of 13 Jul 2024,-0.03178713711193584,in the last 30 days
