value,change,top_label,arrow,bottom_label
579.0891,-10.170415869784456,as of 17 May 2023,-0.10170415869784456,in the last 30 days
