value,change,top_label,arrow,bottom_label
546.122728,-11.544731605134336,as of 19 Jan 2024,-0.11544731605134337,in the last 30 days
