value,change,top_label,arrow,bottom_label
607.569474,0.771307777020676,as of 03 Nov 2022,0.00771307777020676,in the last 30 days
