value,change,top_label,arrow,bottom_label
602.333035,-1.276569006379103,as of 12 Oct 2022,-0.012765690063791031,in the last 30 days
