value,change,top_label,arrow,bottom_label
614.427086,-0.6125216112337736,as of 23 Dec 2022,-0.006125216112337736,in the last 30 days
