value,change,top_label,arrow,bottom_label
375.439462,0.12493152637228577,as of 28 Apr 2024,0.0012493152637228578,in the last 30 days
