value,change,top_label,arrow,bottom_label
616.080203,0.48831288504981296,as of 06 Dec 2022,0.00488312885049813,in the last 30 days
