value,change,top_label,arrow,bottom_label
409.789707,-23.055636811590873,as of 08 Mar 2024,-0.2305563681159087,in the last 30 days
