value,change,top_label,arrow,bottom_label
629.563923,-5.137339906961098,as of 26 Jun 2023,-0.051373399069610984,in the last 30 days
