value,change,top_label,arrow,bottom_label
662.494776,7.913272111867692,as of 24 Feb 2023,0.07913272111867692,in the last 30 days
