value,change,top_label,arrow,bottom_label
633.631425,-2.2593114348026395,as of 25 Apr 2023,-0.022593114348026393,in the last 30 days
