value,change,top_label,arrow,bottom_label
652.475091,0.928616775259563,as of 11 Apr 2023,0.00928616775259563,in the last 30 days
