value,change,top_label,arrow,bottom_label
613.512787,-0.7575306924192838,as of 24 Dec 2022,-0.007575306924192838,in the last 30 days
