value,change,top_label,arrow,bottom_label
377.743238,1.0875264360321562,as of 05 May 2024,0.010875264360321562,in the last 30 days
