value,change,top_label,arrow,bottom_label
594.438256,-11.148210955668187,as of 24 Dec 2023,-0.11148210955668188,in the last 30 days
