value,change,top_label,arrow,bottom_label
616.227303,0.37928281642600786,as of 06 Dec 2022,0.003792828164260079,in the last 30 days
