value,change,top_label,arrow,bottom_label
645.480191,-2.0132094254897175,as of 09 Jun 2023,-0.020132094254897176,in the last 30 days
