value,change,top_label,arrow,bottom_label
584.034201,-10.45011627892785,as of 09 May 2023,-0.10450116278927848,in the last 30 days
