value,change,top_label,arrow,bottom_label
648.854458,-1.4117199237321991,as of 22 Mar 2023,-0.01411719923732199,in the last 30 days
