value,change,top_label,arrow,bottom_label
612.371469,2.2995226011456813,as of 07 Nov 2022,0.022995226011456812,in the last 30 days
