value,change,top_label,arrow,bottom_label
637.064132,3.939683448596413,as of 09 Feb 2023,0.03939683448596413,in the last 30 days
