value,change,top_label,arrow,bottom_label
613.960469,1.8102743770703338,as of 22 Nov 2022,0.01810274377070334,in the last 30 days
