value,change,top_label,arrow,bottom_label
668.51844,1.6393789565856898,as of 26 Aug 2023,0.0163937895658569,in the last 30 days
