value,change,top_label,arrow,bottom_label
486.688385,-0.1097655064807794,as of 18 Aug 2024,-0.001097655064807794,in the last 30 days
