value,change,top_label,arrow,bottom_label
646.126674,-2.1746843282707524,as of 23 Jun 2023,-0.021746843282707526,in the last 30 days
