value,change,top_label,arrow,bottom_label
680.721288,0.13440464724434273,as of 20 Nov 2023,0.0013440464724434273,in the last 30 days
