value,change,top_label,arrow,bottom_label
678.09799,1.337564470892576,as of 25 Sep 2023,0.013375644708925761,in the last 30 days
