value,change,top_label,arrow,bottom_label
618.192987,-7.3893192622026955,as of 05 Jul 2023,-0.07389319262202695,in the last 30 days
