value,change,top_label,arrow,bottom_label
409.870847,-23.263781347622263,as of 10 Mar 2024,-0.23263781347622262,in the last 30 days
