value,change,top_label,arrow,bottom_label
615.525212,0.1324466190495408,as of 14 Aug 2023,0.0013244661904954081,in the last 30 days
