value,change,top_label,arrow,bottom_label
409.240359,-23.100512641628377,as of 07 Mar 2024,-0.23100512641628376,in the last 30 days
