value,change,top_label,arrow,bottom_label
360.502423,-2.395878890923893,as of 19 May 2024,-0.023958788909238932,in the last 30 days
