value,change,top_label,arrow,bottom_label
665.497372,7.477798229199463,as of 03 Mar 2023,0.07477798229199463,in the last 30 days
