value,change,top_label,arrow,bottom_label
605.088055,-0.6109173794242782,as of 25 Oct 2022,-0.006109173794242782,in the last 30 days
