value,change,top_label,arrow,bottom_label
651.722195,-1.3513987902832951,as of 09 Apr 2023,-0.01351398790283295,in the last 30 days
