value,change,top_label,arrow,bottom_label
492.412748,24.51932378987894,as of 04 Aug 2024,0.24519323789878938,in the last 30 days
