value,change,top_label,arrow,bottom_label
624.552751,-6.225398201570966,as of 10 Jul 2023,-0.06225398201570966,in the last 30 days
