value,change,top_label,arrow,bottom_label
375.490106,0.09591280478462433,as of 27 Apr 2024,0.0009591280478462433,in the last 30 days
