value,change,top_label,arrow,bottom_label
361.516153,-2.298190883600463,as of 22 May 2024,-0.02298190883600463,in the last 30 days
