value,change,top_label,arrow,bottom_label
494.796919,0.21071256271350197,as of 25 Aug 2024,0.0021071256271350198,in the last 30 days
