value,change,top_label,arrow,bottom_label
666.413123,1.4482541552913353,as of 23 Aug 2023,0.014482541552913354,in the last 30 days
