value,change,top_label,arrow,bottom_label
605.644488,0.2715027340379572,as of 01 Nov 2022,0.0027150273403795722,in the last 30 days
