value,change,top_label,arrow,bottom_label
611.169319,-0.9415768322367889,as of 14 Jan 2023,-0.009415768322367889,in the last 30 days
