value,change,top_label,arrow,bottom_label
588.082602,-9.621612193617153,as of 30 Apr 2023,-0.09621612193617153,in the last 30 days
