value,change,top_label,arrow,bottom_label
638.852624,-1.5071168451139627,as of 23 Apr 2023,-0.015071168451139627,in the last 30 days
