value,change,top_label,arrow,bottom_label
379.317513,-0.9394530665564371,as of 15 Jul 2024,-0.009394530665564371,in the last 30 days
