value,change,top_label,arrow,bottom_label
487.050716,22.37879227619166,as of 19 Jul 2024,0.2237879227619166,in the last 30 days
