value,change,top_label,arrow,bottom_label
645.855054,0.32130697461027774,as of 14 Mar 2023,0.0032130697461027775,in the last 30 days
