value,change,top_label,arrow,bottom_label
662.092969,7.31834345062731,as of 27 Feb 2023,0.0731834345062731,in the last 30 days
