value,change,top_label,arrow,bottom_label
366.344481,-2.684045279709287,as of 09 Jun 2024,-0.02684045279709287,in the last 30 days
