value,change,top_label,arrow,bottom_label
645.587958,0.6104553505317128,as of 13 Mar 2023,0.006104553505317128,in the last 30 days
