value,change,top_label,arrow,bottom_label
402.046361,-24.673866506280724,as of 13 Mar 2024,-0.24673866506280723,in the last 30 days
