value,change,top_label,arrow,bottom_label
495.175424,1.2432461657962681,as of 11 Aug 2024,0.012432461657962681,in the last 30 days
