value,change,top_label,arrow,bottom_label
374.202996,-9.27172815001516,as of 10 Apr 2024,-0.0927172815001516,in the last 30 days
