value,change,top_label,arrow,bottom_label
633.607919,3.043995757600311,as of 02 Feb 2023,0.03043995757600311,in the last 30 days
