value,change,top_label,arrow,bottom_label
636.634989,3.9003508737113313,as of 08 Feb 2023,0.039003508737113314,in the last 30 days
