value,change,top_label,arrow,bottom_label
376.862113,0.7548007076751235,as of 01 May 2024,0.007548007076751235,in the last 30 days
