value,change,top_label,arrow,bottom_label
534.550046,-2.4181939597767226,as of 21 Feb 2024,-0.024181939597767228,in the last 30 days
