value,change,top_label,arrow,bottom_label
638.058184,4.133028761010434,as of 10 Feb 2023,0.041330287610104335,in the last 30 days
