value,change,top_label,arrow,bottom_label
552.864711,-10.427512396301521,as of 18 Jan 2024,-0.10427512396301522,in the last 30 days
