value,change,top_label,arrow,bottom_label
617.08736,-9.381765925607846,as of 20 Dec 2023,-0.09381765925607846,in the last 30 days
