value,change,top_label,arrow,bottom_label
605.642886,-0.43621631057100463,as of 19 Oct 2022,-0.004362163105710046,in the last 30 days
