value,change,top_label,arrow,bottom_label
363.570105,-3.6533312230723896,as of 03 Jun 2024,-0.0365333122307239,in the last 30 days
