value,change,top_label,arrow,bottom_label
644.830111,0.11658939146306799,as of 15 Mar 2023,0.0011658939146306799,in the last 30 days
