value,change,top_label,arrow,bottom_label
600.514194,1.0251418970145278,as of 02 Jun 2023,0.010251418970145278,in the last 30 days
