value,change,top_label,arrow,bottom_label
517.098279,-3.3450026453295387,as of 23 Feb 2024,-0.03345002645329539,in the last 30 days
