value,change,top_label,arrow,bottom_label
605.776727,-0.45150280958984523,as of 20 Oct 2022,-0.004515028095898452,in the last 30 days
