value,change,top_label,arrow,bottom_label
366.186289,-3.5791130309679646,as of 12 Jun 2024,-0.03579113030967965,in the last 30 days
