value,change,top_label,arrow,bottom_label
660.191821,4.267457415253801,as of 06 Mar 2023,0.04267457415253801,in the last 30 days
