value,change,top_label,arrow,bottom_label
655.283356,6.755617713134113,as of 19 Feb 2023,0.06755617713134113,in the last 30 days
