value,change,top_label,arrow,bottom_label
652.928368,-1.596919913952815,as of 29 Mar 2023,-0.01596919913952815,in the last 30 days
