value,change,top_label,arrow,bottom_label
373.197563,-8.740967965295656,as of 03 Apr 2024,-0.08740967965295655,in the last 30 days
