value,change,top_label,arrow,bottom_label
373.85821,-1.8485846681131672,as of 25 Apr 2024,-0.018485846681131672,in the last 30 days
