value,change,top_label,arrow,bottom_label
494.442857,24.416904375082176,as of 30 Jul 2024,0.24416904375082177,in the last 30 days
