value,change,top_label,arrow,bottom_label
584.215663,-10.541121208508356,as of 07 May 2023,-0.10541121208508356,in the last 30 days
