value,change,top_label,arrow,bottom_label
673.498529,1.8785273692481503,as of 06 Sep 2023,0.018785273692481504,in the last 30 days
