value,change,top_label,arrow,bottom_label
612.564468,1.2830532756746797,as of 28 Nov 2022,0.012830532756746798,in the last 30 days
