value,change,top_label,arrow,bottom_label
575.803557,-10.088939587087706,as of 21 Jul 2023,-0.10088939587087707,in the last 30 days
