value,change,top_label,arrow,bottom_label
653.620216,-0.6136961583122059,as of 19 Jun 2023,-0.006136961583122059,in the last 30 days
