value,change,top_label,arrow,bottom_label
674.80068,1.5299815551745668,as of 19 Sep 2023,0.015299815551745668,in the last 30 days
