value,change,top_label,arrow,bottom_label
495.190044,1.6547413116673984,as of 24 Aug 2024,0.016547413116673983,in the last 30 days
