value,change,top_label,arrow,bottom_label
359.132428,-6.1304661229265,as of 24 Apr 2024,-0.061304661229265,in the last 30 days
