value,change,top_label,arrow,bottom_label
624.008483,-6.284442739939157,as of 12 Jul 2023,-0.06284442739939157,in the last 30 days
