value,change,top_label,arrow,bottom_label
491.269801,23.9489914383777,as of 03 Aug 2024,0.239489914383777,in the last 30 days
