value,change,top_label,arrow,bottom_label
510.251229,-4.004798051575075,as of 29 Feb 2024,-0.04004798051575075,in the last 30 days
