value,change,top_label,arrow,bottom_label
530.436762,-10.718858891584397,as of 30 Jan 2024,-0.10718858891584396,in the last 30 days
