value,change,top_label,arrow,bottom_label
601.276195,-0.9898024548644401,as of 08 Oct 2022,-0.0098980245486444,in the last 30 days
