value,change,top_label,arrow,bottom_label
617.752991,0.34962386917608207,as of 09 Dec 2022,0.0034962386917608205,in the last 30 days
