value,change,top_label,arrow,bottom_label
591.500422,-9.62741197657384,as of 28 Apr 2023,-0.09627411976573841,in the last 30 days
