value,change,top_label,arrow,bottom_label
601.492894,-0.8243751747640663,as of 07 Oct 2022,-0.008243751747640663,in the last 30 days
