value,change,top_label,arrow,bottom_label
649.472024,-2.309461099230307,as of 31 Mar 2023,-0.023094610992303068,in the last 30 days
