value,change,top_label,arrow,bottom_label
578.400553,-9.80633462845481,as of 30 Jul 2023,-0.09806334628454809,in the last 30 days
