value,change,top_label,arrow,bottom_label
377.707503,0.966339071308997,as of 07 May 2024,0.00966339071308997,in the last 30 days
