value,change,top_label,arrow,bottom_label
670.248956,1.1984318203164561,as of 19 Aug 2023,0.01198431820316456,in the last 30 days
