value,change,top_label,arrow,bottom_label
592.836481,-9.275068603217054,as of 27 Apr 2023,-0.09275068603217054,in the last 30 days
