value,change,top_label,arrow,bottom_label
565.099381,-9.781199404086529,as of 09 Jan 2024,-0.09781199404086528,in the last 30 days
