value,change,top_label,arrow,bottom_label
601.290315,1.2235617406873263,as of 03 Jun 2023,0.012235617406873261,in the last 30 days
