value,change,top_label,arrow,bottom_label
678.801687,1.5442915614430648,as of 26 Sep 2023,0.015442915614430647,in the last 30 days
