value,change,top_label,arrow,bottom_label
564.855127,-9.99691138526267,as of 11 Jan 2024,-0.0999691138526267,in the last 30 days
