value,change,top_label,arrow,bottom_label
653.983581,-0.6564036210604883,as of 06 Apr 2023,-0.006564036210604883,in the last 30 days
