value,change,top_label,arrow,bottom_label
653.722653,-0.6908742195840916,as of 15 Jun 2023,-0.006908742195840915,in the last 30 days
