value,change,top_label,arrow,bottom_label
407.189851,-23.780936143815644,as of 17 Mar 2024,-0.23780936143815645,in the last 30 days
