value,change,top_label,arrow,bottom_label
487.289187,0.07859599359875456,as of 19 Aug 2024,0.0007859599359875456,in the last 30 days
