value,change,top_label,arrow,bottom_label
602.110862,-1.0074808600940324,as of 10 Oct 2022,-0.010074808600940325,in the last 30 days
