value,change,top_label,arrow,bottom_label
627.494617,-7.600234384360503,as of 08 Dec 2023,-0.07600234384360503,in the last 30 days
