value,change,top_label,arrow,bottom_label
487.447721,22.536573429158814,as of 24 Jul 2024,0.22536573429158815,in the last 30 days
