value,change,top_label,arrow,bottom_label
644.99081,-0.868735916253305,as of 18 Mar 2023,-0.00868735916253305,in the last 30 days
