value,change,top_label,arrow,bottom_label
408.940473,-23.115117459665203,as of 03 Mar 2024,-0.23115117459665202,in the last 30 days
