value,change,top_label,arrow,bottom_label
640.066557,-3.1209860216757273,as of 05 Apr 2023,-0.03120986021675727,in the last 30 days
