value,change,top_label,arrow,bottom_label
579.805467,-10.092443479755211,as of 02 Aug 2023,-0.10092443479755211,in the last 30 days
