value,change,top_label,arrow,bottom_label
619.054061,0.6420543776190681,as of 01 Feb 2023,0.006420543776190681,in the last 30 days
