value,change,top_label,arrow,bottom_label
534.558234,-2.4488661959931783,as of 19 Feb 2024,-0.024488661959931785,in the last 30 days
