value,change,top_label,arrow,bottom_label
640.623085,-0.9762885292520365,as of 19 Apr 2023,-0.009762885292520364,in the last 30 days
