value,change,top_label,arrow,bottom_label
659.613643,3.2904354238038938,as of 11 Mar 2023,0.03290435423803894,in the last 30 days
