value,change,top_label,arrow,bottom_label
668.556648,1.4743264788809392,as of 28 Aug 2023,0.014743264788809392,in the last 30 days
