value,change,top_label,arrow,bottom_label
634.578728,-1.7459530478490304,as of 13 Apr 2023,-0.017459530478490304,in the last 30 days
