value,change,top_label,arrow,bottom_label
611.768124,-10.145943266808564,as of 15 Dec 2023,-0.10145943266808564,in the last 30 days
