value,change,top_label,arrow,bottom_label
547.234369,-8.153623611049479,as of 20 Jan 2024,-0.08153623611049479,in the last 30 days
