value,change,top_label,arrow,bottom_label
648.9602,-1.1803225365712104,as of 21 Mar 2023,-0.011803225365712105,in the last 30 days
