value,change,top_label,arrow,bottom_label
364.753176,-2.8293080548197134,as of 05 Jun 2024,-0.028293080548197132,in the last 30 days
