value,change,top_label,arrow,bottom_label
660.237093,4.381267259173251,as of 05 Mar 2023,0.04381267259173251,in the last 30 days
