value,change,top_label,arrow,bottom_label
588.086525,-8.732250190576814,as of 16 May 2023,-0.08732250190576814,in the last 30 days
