value,change,top_label,arrow,bottom_label
376.508528,-1.2860143166225806,as of 17 Jun 2024,-0.012860143166225807,in the last 30 days
