value,change,top_label,arrow,bottom_label
578.559435,-7.944918205035593,as of 04 Jan 2024,-0.07944918205035593,in the last 30 days
