value,change,top_label,arrow,bottom_label
614.746273,1.3481265269368647,as of 04 Dec 2022,0.013481265269368648,in the last 30 days
