value,change,top_label,arrow,bottom_label
656.078997,-1.2744466970739168,as of 01 Apr 2023,-0.012744466970739167,in the last 30 days
