value,change,top_label,arrow,bottom_label
401.224619,-24.937178172113665,as of 21 Mar 2024,-0.24937178172113664,in the last 30 days
