value,change,top_label,arrow,bottom_label
374.705626,-0.002194474536221371,as of 29 Apr 2024,-2.1944745362213714e-05,in the last 30 days
