value,change,top_label,arrow,bottom_label
585.030548,-8.439942853231134,as of 23 May 2023,-0.08439942853231133,in the last 30 days
