value,change,top_label,arrow,bottom_label
403.670388,-24.484079456986898,as of 22 Mar 2024,-0.24484079456986896,in the last 30 days
