value,change,top_label,arrow,bottom_label
533.369415,-5.7021152099359504,as of 10 Feb 2024,-0.057021152099359505,in the last 30 days
