value,change,top_label,arrow,bottom_label
533.77727,-3.932142766845613,as of 12 Feb 2024,-0.03932142766845613,in the last 30 days
