value,change,top_label,arrow,bottom_label
375.896027,-1.364415092999396,as of 15 Jun 2024,-0.01364415092999396,in the last 30 days
