value,change,top_label,arrow,bottom_label
377.428424,0.9070621090038873,as of 02 May 2024,0.009070621090038873,in the last 30 days
