value,change,top_label,arrow,bottom_label
593.356939,-7.575976592626158,as of 25 May 2023,-0.07575976592626157,in the last 30 days
