value,change,top_label,arrow,bottom_label
583.386649,-8.51138889749413,as of 21 May 2023,-0.0851138889749413,in the last 30 days
