value,change,top_label,arrow,bottom_label
363.59341,-3.4447701085593634,as of 02 Jun 2024,-0.034447701085593634,in the last 30 days
