value,change,top_label,arrow,bottom_label
626.969469,-8.032471862547094,as of 13 Dec 2023,-0.08032471862547094,in the last 30 days
