value,change,top_label,arrow,bottom_label
600.786945,0.8673252329089405,as of 30 May 2023,0.008673252329089404,in the last 30 days
