value,change,top_label,arrow,bottom_label
644.359085,-0.45756679447563925,as of 15 Apr 2023,-0.004575667944756392,in the last 30 days
