value,change,top_label,arrow,bottom_label
511.076254,-4.609940219159355,as of 24 Feb 2024,-0.046099402191593544,in the last 30 days
