value,change,top_label,arrow,bottom_label
670.987685,1.4849870435247983,as of 21 Aug 2023,0.014849870435247983,in the last 30 days
