value,change,top_label,arrow,bottom_label
606.870005,-0.2152259577330596,as of 28 Oct 2022,-0.002152259577330596,in the last 30 days
