value,change,top_label,arrow,bottom_label
532.175666,-6.972510311997142,as of 06 Feb 2024,-0.06972510311997142,in the last 30 days
