value,change,top_label,arrow,bottom_label
530.250809,-10.984993999927703,as of 31 Jan 2024,-0.10984993999927703,in the last 30 days
