value,change,top_label,arrow,bottom_label
664.541781,7.770586658402342,as of 02 Mar 2023,0.07770586658402343,in the last 30 days
