value,change,top_label,arrow,bottom_label
585.707585,-10.070082350892926,as of 12 May 2023,-0.10070082350892927,in the last 30 days
