value,change,top_label,arrow,bottom_label
363.114987,-2.3174362208347565,as of 25 May 2024,-0.023174362208347565,in the last 30 days
