value,change,top_label,arrow,bottom_label
495.190773,1.2779554760886023,as of 10 Aug 2024,0.012779554760886023,in the last 30 days
