value,change,top_label,arrow,bottom_label
656.721818,6.990426067925536,as of 20 Feb 2023,0.06990426067925536,in the last 30 days
