value,change,top_label,arrow,bottom_label
509.109842,-4.1440402052980705,as of 27 Feb 2024,-0.041440402052980704,in the last 30 days
