value,change,top_label,arrow,bottom_label
630.90404,-5.192164521740909,as of 29 Jun 2023,-0.05192164521740909,in the last 30 days
