value,change,top_label,arrow,bottom_label
382.737282,-2.126001794435864,as of 01 Jul 2024,-0.02126001794435864,in the last 30 days
