value,change,top_label,arrow,bottom_label
615.693656,0.03456792908391436,as of 15 Aug 2023,0.0003456792908391436,in the last 30 days
