value,change,top_label,arrow,bottom_label
611.43019,-8.099770175998316,as of 18 Jul 2023,-0.08099770175998317,in the last 30 days
