value,change,top_label,arrow,bottom_label
379.270104,1.686563435792717,as of 04 May 2024,0.01686563435792717,in the last 30 days
