value,change,top_label,arrow,bottom_label
630.459327,-4.971828418839765,as of 27 Jun 2023,-0.049718284188397646,in the last 30 days
