value,change,top_label,arrow,bottom_label
490.71493,23.635984729951574,as of 02 Aug 2024,0.23635984729951573,in the last 30 days
