value,change,top_label,arrow,bottom_label
612.163575,-7.937646852382602,as of 19 Jul 2023,-0.07937646852382602,in the last 30 days
