value,change,top_label,arrow,bottom_label
630.603994,-5.214421657356795,as of 28 Jun 2023,-0.05214421657356796,in the last 30 days
