value,change,top_label,arrow,bottom_label
632.987309,2.8320521456358163,as of 04 Feb 2023,0.028320521456358164,in the last 30 days
