value,change,top_label,arrow,bottom_label
382.958826,-2.0045424319457,as of 25 Jun 2024,-0.020045424319456998,in the last 30 days
