value,change,top_label,arrow,bottom_label
554.825058,-11.403813749845625,as of 13 Jan 2024,-0.11403813749845626,in the last 30 days
