value,change,top_label,arrow,bottom_label
627.678075,-0.05164231938671444,as of 07 Aug 2023,-0.0005164231938671444,in the last 30 days
