value,change,top_label,arrow,bottom_label
351.167452,-10.033273711530812,as of 24 Jun 2024,-0.10033273711530812,in the last 30 days
