value,change,top_label,arrow,bottom_label
645.956119,-0.7862661920286874,as of 19 Mar 2023,-0.007862661920286874,in the last 30 days
