value,change,top_label,arrow,bottom_label
577.483583,-10.087925640952513,as of 31 Jul 2023,-0.10087925640952512,in the last 30 days
