value,change,top_label,arrow,bottom_label
356.71706,-12.8638611407839,as of 16 Apr 2024,-0.128638611407839,in the last 30 days
