value,change,top_label,arrow,bottom_label
602.301408,1.8010536761339373,as of 05 Jun 2023,0.018010536761339374,in the last 30 days
