value,change,top_label,arrow,bottom_label
613.572228,-0.16040568628887816,as of 23 Jan 2023,-0.0016040568628887817,in the last 30 days
