value,change,top_label,arrow,bottom_label
670.820805,1.1353926002496215,as of 11 Sep 2023,0.011353926002496215,in the last 30 days
