value,change,top_label,arrow,bottom_label
613.94243,1.2539144492283507,as of 03 Dec 2022,0.012539144492283508,in the last 30 days
