value,change,top_label,arrow,bottom_label
375.432581,0.20855155851078994,as of 30 Apr 2024,0.0020855155851078992,in the last 30 days
