value,change,top_label,arrow,bottom_label
678.090262,0.6196324892973918,as of 08 Oct 2023,0.006196324892973918,in the last 30 days
