value,change,top_label,arrow,bottom_label
401.940048,-24.80969286712458,as of 20 Mar 2024,-0.24809692867124578,in the last 30 days
