value,change,top_label,arrow,bottom_label
361.480579,-2.0715823077604685,as of 17 May 2024,-0.020715823077604684,in the last 30 days
