value,change,top_label,arrow,bottom_label
680.403939,0.11041803259863842,as of 18 Nov 2023,0.0011041803259863841,in the last 30 days
