value,change,top_label,arrow,bottom_label
494.020583,0.017994593106720653,as of 26 Aug 2024,0.00017994593106720653,in the last 30 days
