value,change,top_label,arrow,bottom_label
614.511914,1.576747345118787,as of 10 Nov 2022,0.01576747345118787,in the last 30 days
