value,change,top_label,arrow,bottom_label
408.889246,-23.103831324583265,as of 02 Mar 2024,-0.23103831324583265,in the last 30 days
