value,change,top_label,arrow,bottom_label
594.028851,-5.232409824255036,as of 30 Dec 2023,-0.05232409824255036,in the last 30 days
