value,change,top_label,arrow,bottom_label
367.141108,-2.5483994419215255,as of 11 Jun 2024,-0.025483994419215256,in the last 30 days
