value,change,top_label,arrow,bottom_label
679.807595,0.4722059635337262,as of 21 Oct 2023,0.004722059635337262,in the last 30 days
