value,change,top_label,arrow,bottom_label
577.220307,-9.908850020794919,as of 26 Jul 2023,-0.09908850020794918,in the last 30 days
