value,change,top_label,arrow,bottom_label
671.32555,0.9715641160875149,as of 14 Sep 2023,0.009715641160875149,in the last 30 days
