value,change,top_label,arrow,bottom_label
578.495587,-9.92097608251004,as of 29 Jul 2023,-0.09920976082510038,in the last 30 days
