value,change,top_label,arrow,bottom_label
680.129798,0.12107819155573485,as of 16 Nov 2023,0.0012107819155573484,in the last 30 days
