value,change,top_label,arrow,bottom_label
593.915422,-5.18717490144691,as of 28 Dec 2023,-0.0518717490144691,in the last 30 days
