value,change,top_label,arrow,bottom_label
408.948235,-23.050639814441034,as of 04 Mar 2024,-0.23050639814441035,in the last 30 days
