value,change,top_label,arrow,bottom_label
672.860937,1.5861926792504224,as of 09 Sep 2023,0.015861926792504224,in the last 30 days
