value,change,top_label,arrow,bottom_label
363.933812,-2.5184651752706095,as of 28 May 2024,-0.025184651752706094,in the last 30 days
