value,change,top_label,arrow,bottom_label
615.871722,-0.26393715638000564,as of 15 Dec 2022,-0.0026393715638000563,in the last 30 days
