value,change,top_label,arrow,bottom_label
646.717938,0.21097582930580164,as of 17 Mar 2023,0.0021097582930580164,in the last 30 days
