value,change,top_label,arrow,bottom_label
614.546024,1.9638235024345858,as of 24 Nov 2022,0.01963823502434586,in the last 30 days
