value,change,top_label,arrow,bottom_label
677.001086,-0.35354226832503993,as of 27 Oct 2023,-0.0035354226832503993,in the last 30 days
