value,change,top_label,arrow,bottom_label
385.501306,1.2790164449978199,as of 13 Jun 2024,0.012790164449978198,in the last 30 days
