value,change,top_label,arrow,bottom_label
489.017741,-0.345860477487408,as of 01 Sep 2024,-0.00345860477487408,in the last 30 days
