value,change,top_label,arrow,bottom_label
379.704814,-0.918250715289009,as of 14 Jul 2024,-0.00918250715289009,in the last 30 days
