value,change,top_label,arrow,bottom_label
614.687025,1.947380020340051,as of 25 Nov 2022,0.01947380020340051,in the last 30 days
