value,change,top_label,arrow,bottom_label
409.324832,-22.971722634436404,as of 01 Mar 2024,-0.22971722634436403,in the last 30 days
