value,change,top_label,arrow,bottom_label
602.101385,-1.467945209515479,as of 15 Oct 2022,-0.01467945209515479,in the last 30 days
