value,change,top_label,arrow,bottom_label
626.139878,-7.9625916119402715,as of 28 Nov 2023,-0.07962591611940271,in the last 30 days
