value,change,top_label,arrow,bottom_label
612.325703,1.2184960571851935,as of 26 Nov 2022,0.012184960571851935,in the last 30 days
