value,change,top_label,arrow,bottom_label
611.033636,-1.0038281381079674,as of 16 Jan 2023,-0.010038281381079674,in the last 30 days
