value,change,top_label,arrow,bottom_label
636.707819,3.912236903673364,as of 08 Feb 2023,0.03912236903673364,in the last 30 days
