value,change,top_label,arrow,bottom_label
554.290182,-9.912609473903741,as of 15 Jan 2024,-0.09912609473903741,in the last 30 days
