value,change,top_label,arrow,bottom_label
614.022649,1.8731371508269405,as of 20 Nov 2022,0.018731371508269406,in the last 30 days
