value,change,top_label,arrow,bottom_label
672.002602,1.635834675865166,as of 22 Aug 2023,0.01635834675865166,in the last 30 days
