value,change,top_label,arrow,bottom_label
641.133995,-0.7465095318649656,as of 18 Apr 2023,-0.007465095318649656,in the last 30 days
