value,change,top_label,arrow,bottom_label
651.954075,-1.1311784220157006,as of 08 Apr 2023,-0.011311784220157007,in the last 30 days
