value,change,top_label,arrow,bottom_label
616.942555,-9.389039631474029,as of 19 Dec 2023,-0.09389039631474029,in the last 30 days
