value,change,top_label,arrow,bottom_label
618.567529,1.8627141494394646,as of 02 Dec 2022,0.018627141494394647,in the last 30 days
