value,change,top_label,arrow,bottom_label
664.871644,4.90098834245979,as of 04 Mar 2023,0.0490098834245979,in the last 30 days
