value,change,top_label,arrow,bottom_label
575.536577,-10.22222692340488,as of 23 Jul 2023,-0.1022222692340488,in the last 30 days
