value,change,top_label,arrow,bottom_label
533.599232,-5.668308959728837,as of 11 Feb 2024,-0.05668308959728838,in the last 30 days
