value,change,top_label,arrow,bottom_label
613.236433,-0.25460646129121833,as of 19 Jan 2023,-0.0025460646129121835,in the last 30 days
