value,change,top_label,arrow,bottom_label
609.844238,-1.2346424430385277,as of 15 Jan 2023,-0.012346424430385278,in the last 30 days
