value,change,top_label,arrow,bottom_label
483.483006,-1.0016667625800053,as of 15 Aug 2024,-0.010016667625800052,in the last 30 days
