value,change,top_label,arrow,bottom_label
382.191704,2.3429876409939143,as of 30 May 2024,0.023429876409939144,in the last 30 days
