value,change,top_label,arrow,bottom_label
594.559298,-11.182774558779455,as of 25 Dec 2023,-0.11182774558779454,in the last 30 days
