value,change,top_label,arrow,bottom_label
530.635177,-8.1113711732867,as of 01 Feb 2024,-0.08111371173286701,in the last 30 days
