value,change,top_label,arrow,bottom_label
614.712881,-0.4339993776405007,as of 25 Dec 2022,-0.0043399937764050074,in the last 30 days
