value,change,top_label,arrow,bottom_label
361.117846,-2.2473032917588642,as of 16 May 2024,-0.02247303291758864,in the last 30 days
