value,change,top_label,arrow,bottom_label
381.156355,-2.856352067401801,as of 06 Jul 2024,-0.028563520674018007,in the last 30 days
