value,change,top_label,arrow,bottom_label
665.329148,0.9764698025172394,as of 13 Jun 2023,0.009764698025172394,in the last 30 days
