value,change,top_label,arrow,bottom_label
652.472817,-1.836938190106988,as of 30 Mar 2023,-0.01836938190106988,in the last 30 days
