value,change,top_label,arrow,bottom_label
672.486204,2.219883849442007,as of 01 Sep 2023,0.022198838494420066,in the last 30 days
