value,change,top_label,arrow,bottom_label
612.287504,-0.5595924597849296,as of 24 Jan 2023,-0.005595924597849296,in the last 30 days
