value,change,top_label,arrow,bottom_label
492.138775,0.756682233108496,as of 13 Aug 2024,0.007566822331084961,in the last 30 days
