value,change,top_label,arrow,bottom_label
671.903613,1.061997954963785,as of 13 Sep 2023,0.01061997954963785,in the last 30 days
