value,change,top_label,arrow,bottom_label
487.218262,22.3479279414791,as of 22 Jul 2024,0.223479279414791,in the last 30 days
