value,change,top_label,arrow,bottom_label
647.211327,-1.7282193182714047,as of 22 Jun 2023,-0.017282193182714047,in the last 30 days
