value,change,top_label,arrow,bottom_label
611.003129,-0.9343302421143814,as of 09 Jan 2023,-0.009343302421143814,in the last 30 days
