value,change,top_label,arrow,bottom_label
612.629865,-0.4918094685233936,as of 18 Jan 2023,-0.004918094685233936,in the last 30 days
