value,change,top_label,arrow,bottom_label
681.046428,0.37091125939464237,as of 14 Nov 2023,0.003709112593946424,in the last 30 days
