value,change,top_label,arrow,bottom_label
361.485985,-2.050259144959959,as of 18 May 2024,-0.020502591449599594,in the last 30 days
