value,change,top_label,arrow,bottom_label
590.422389,-9.882769667642293,as of 02 May 2023,-0.09882769667642292,in the last 30 days
