value,change,top_label,arrow,bottom_label
534.713522,-2.482727518935704,as of 22 Feb 2024,-0.02482727518935704,in the last 30 days
