value,change,top_label,arrow,bottom_label
596.676964,-0.3745382424928235,as of 05 Nov 2022,-0.003745382424928235,in the last 30 days
