value,change,top_label,arrow,bottom_label
673.29265,1.8677838320182178,as of 05 Sep 2023,0.018677838320182178,in the last 30 days
