value,change,top_label,arrow,bottom_label
678.904836,0.9155740672718194,as of 17 Oct 2023,0.009155740672718194,in the last 30 days
