value,change,top_label,arrow,bottom_label
380.7074,-3.5106218750068905,as of 10 Jul 2024,-0.035106218750068904,in the last 30 days
