value,change,top_label,arrow,bottom_label
677.957924,-0.22839285414594915,as of 04 Nov 2023,-0.0022839285414594916,in the last 30 days
