value,change,top_label,arrow,bottom_label
492.569343,-0.6369120503631712,as of 30 Aug 2024,-0.0063691205036317125,in the last 30 days
