value,change,top_label,arrow,bottom_label
509.835077,-4.002930966587825,as of 26 Feb 2024,-0.04002930966587825,in the last 30 days
