value,change,top_label,arrow,bottom_label
590.442876,-10.164643242529484,as of 01 May 2023,-0.10164643242529484,in the last 30 days
