value,change,top_label,arrow,bottom_label
673.029848,1.7081125996816007,as of 08 Sep 2023,0.017081125996816007,in the last 30 days
