value,change,top_label,arrow,bottom_label
678.200174,-0.003684764483783199,as of 05 Nov 2023,-3.684764483783199e-05,in the last 30 days
