value,change,top_label,arrow,bottom_label
373.238828,-7.745704740075871,as of 12 Apr 2024,-0.0774570474007587,in the last 30 days
