value,change,top_label,arrow,bottom_label
487.155654,-1.4211689049717149,as of 03 Sep 2024,-0.014211689049717148,in the last 30 days
