value,change,top_label,arrow,bottom_label
670.904204,1.0578827727470244,as of 15 Sep 2023,0.010578827727470243,in the last 30 days
