value,change,top_label,arrow,bottom_label
614.300908,-0.3591263937114806,as of 27 Dec 2022,-0.003591263937114806,in the last 30 days
