value,change,top_label,arrow,bottom_label
357.523033,-12.58640451442892,as of 14 Apr 2024,-0.1258640451442892,in the last 30 days
