value,change,top_label,arrow,bottom_label
356.511141,-11.836485992571024,as of 18 Apr 2024,-0.11836485992571023,in the last 30 days
