value,change,top_label,arrow,bottom_label
614.137037,1.8395685382873357,as of 21 Nov 2022,0.018395685382873356,in the last 30 days
