value,change,top_label,arrow,bottom_label
613.491129,-0.33047318812375337,as of 20 Jan 2023,-0.0033047318812375335,in the last 30 days
