value,change,top_label,arrow,bottom_label
677.729423,0.6078463062206682,as of 09 Oct 2023,0.006078463062206682,in the last 30 days
