value,change,top_label,arrow,bottom_label
361.390609,-2.255433344865905,as of 21 May 2024,-0.02255433344865905,in the last 30 days
