value,change,top_label,arrow,bottom_label
626.260212,-6.065421027814308,as of 07 Jul 2023,-0.06065421027814308,in the last 30 days
