value,change,top_label,arrow,bottom_label
380.625134,-3.4509457035197673,as of 09 Jul 2024,-0.03450945703519767,in the last 30 days
