value,change,top_label,arrow,bottom_label
643.150147,5.402117105309485,as of 14 Feb 2023,0.054021171053094855,in the last 30 days
