value,change,top_label,arrow,bottom_label
361.276826,-2.3806089740688483,as of 15 May 2024,-0.023806089740688485,in the last 30 days
