value,change,top_label,arrow,bottom_label
577.461335,-7.98992362453153,as of 02 Jan 2024,-0.0798992362453153,in the last 30 days
