value,change,top_label,arrow,bottom_label
357.345578,-11.475899986005414,as of 21 Apr 2024,-0.11475899986005414,in the last 30 days
