value,change,top_label,arrow,bottom_label
492.617798,0.8811543976586801,as of 14 Aug 2024,0.0088115439765868,in the last 30 days
