value,change,top_label,arrow,bottom_label
627.85562,-0.2579769345065853,as of 06 Aug 2023,-0.0025797693450658535,in the last 30 days
