value,change,top_label,arrow,bottom_label
602.252191,-1.4435777082086976,as of 14 Oct 2022,-0.014435777082086975,in the last 30 days
