value,change,top_label,arrow,bottom_label
612.722209,-2.374932633258286,as of 08 Aug 2023,-0.02374932633258286,in the last 30 days
