value,change,top_label,arrow,bottom_label
611.061652,-1.107885496323868,as of 13 Jan 2023,-0.01107885496323868,in the last 30 days
