value,change,top_label,arrow,bottom_label
613.899526,-0.10831446556274114,as of 03 Jan 2023,-0.0010831446556274114,in the last 30 days
