value,change,top_label,arrow,bottom_label
375.870458,1.3191968709547561,as of 12 May 2024,0.013191968709547561,in the last 30 days
