value,change,top_label,arrow,bottom_label
654.019126,-1.724762032568928,as of 02 Apr 2023,-0.01724762032568928,in the last 30 days
