value,change,top_label,arrow,bottom_label
605.401408,-0.42523834329094257,as of 23 Oct 2022,-0.0042523834329094255,in the last 30 days
