value,change,top_label,arrow,bottom_label
605.556293,-0.024307601643890054,as of 30 Oct 2022,-0.00024307601643890054,in the last 30 days
