value,change,top_label,arrow,bottom_label
598.334257,-0.19239129607445654,as of 28 May 2023,-0.0019239129607445653,in the last 30 days
