value,change,top_label,arrow,bottom_label
647.321011,0.4261866485715712,as of 16 Mar 2023,0.004261866485715712,in the last 30 days
