value,change,top_label,arrow,bottom_label
530.074471,-10.766876032033894,as of 27 Jan 2024,-0.10766876032033894,in the last 30 days
