value,change,top_label,arrow,bottom_label
373.887847,-7.689730680788021,as of 11 Apr 2024,-0.0768973068078802,in the last 30 days
