value,change,top_label,arrow,bottom_label
408.969401,-23.186419976254115,as of 06 Mar 2024,-0.23186419976254113,in the last 30 days
