value,change,top_label,arrow,bottom_label
492.039435,24.338711948220492,as of 05 Aug 2024,0.24338711948220493,in the last 30 days
