value,change,top_label,arrow,bottom_label
509.833749,-4.053243492263796,as of 28 Feb 2024,-0.04053243492263796,in the last 30 days
