value,change,top_label,arrow,bottom_label
601.569615,0.6361912017992786,as of 31 May 2023,0.006361912017992786,in the last 30 days
