value,change,top_label,arrow,bottom_label
603.522898,-0.9304954136285929,as of 11 Oct 2022,-0.00930495413628593,in the last 30 days
