value,change,top_label,arrow,bottom_label
613.943093,-0.34614113192968216,as of 05 Jan 2023,-0.003461411319296822,in the last 30 days
