value,change,top_label,arrow,bottom_label
643.669984,-2.3049827542647363,as of 11 Jun 2023,-0.023049827542647363,in the last 30 days
