value,change,top_label,arrow,bottom_label
376.06179,1.3278129454904146,as of 11 May 2024,0.013278129454904147,in the last 30 days
