value,change,top_label,arrow,bottom_label
647.78187,0.45775762478312676,as of 14 Apr 2023,0.0045775762478312675,in the last 30 days
