value,change,top_label,arrow,bottom_label
672.808601,1.1758379854964396,as of 18 Sep 2023,0.011758379854964396,in the last 30 days
