value,change,top_label,arrow,bottom_label
640.736513,4.495007839378051,as of 11 Feb 2023,0.04495007839378051,in the last 30 days
