value,change,top_label,arrow,bottom_label
676.445871,-0.4052031937437838,as of 26 Oct 2023,-0.004052031937437838,in the last 30 days
