value,change,top_label,arrow,bottom_label
380.949902,-3.1367240557039113,as of 07 Jul 2024,-0.031367240557039114,in the last 30 days
