value,change,top_label,arrow,bottom_label
602.031518,-0.6221329645139456,as of 06 Oct 2022,-0.006221329645139456,in the last 30 days
