value,change,top_label,arrow,bottom_label
643.847005,-0.4439235146126409,as of 16 Apr 2023,-0.004439235146126409,in the last 30 days
