value,change,top_label,arrow,bottom_label
663.258026,7.59132404508551,as of 28 Feb 2023,0.0759132404508551,in the last 30 days
