value,change,top_label,arrow,bottom_label
365.342791,-2.704216235332644,as of 07 Jun 2024,-0.027042162353326443,in the last 30 days
