value,change,top_label,arrow,bottom_label
673.39999,2.333859870480922,as of 02 Sep 2023,0.02333859870480922,in the last 30 days
