value,change,top_label,arrow,bottom_label
585.52339,-10.19793738807063,as of 10 May 2023,-0.1019793738807063,in the last 30 days
