value,change,top_label,arrow,bottom_label
615.975111,-9.496435658131398,as of 18 Dec 2023,-0.09496435658131398,in the last 30 days
