value,change,top_label,arrow,bottom_label
402.174968,-24.694406817079084,as of 19 Mar 2024,-0.24694406817079084,in the last 30 days
