value,change,top_label,arrow,bottom_label
380.442595,-25.54642273834002,as of 26 Mar 2024,-0.2554642273834002,in the last 30 days
