value,change,top_label,arrow,bottom_label
534.51302,-2.3138930263800783,as of 20 Feb 2024,-0.023138930263800782,in the last 30 days
