value,change,top_label,arrow,bottom_label
616.363994,2.0699312078690193,as of 30 Nov 2022,0.020699312078690194,in the last 30 days
