value,change,top_label,arrow,bottom_label
670.910702,2.1099602292538875,as of 30 Aug 2023,0.021099602292538874,in the last 30 days
