value,change,top_label,arrow,bottom_label
612.660727,-0.8139847252293063,as of 10 Jan 2023,-0.008139847252293064,in the last 30 days
