value,change,top_label,arrow,bottom_label
534.804219,-9.896319500076107,as of 25 Jan 2024,-0.09896319500076106,in the last 30 days
