value,change,top_label,arrow,bottom_label
375.937141,-1.1844422892041577,as of 18 Jun 2024,-0.011844422892041576,in the last 30 days
