value,change,top_label,arrow,bottom_label
494.896097,1.1446904049016366,as of 09 Aug 2024,0.011446904049016366,in the last 30 days
