value,change,top_label,arrow,bottom_label
530.28708,-10.749412023653838,as of 29 Jan 2024,-0.10749412023653837,in the last 30 days
