value,change,top_label,arrow,bottom_label
680.651337,0.3443948792577205,as of 12 Nov 2023,0.003443948792577205,in the last 30 days
