value,change,top_label,arrow,bottom_label
616.363299,0.13331357905786348,as of 16 Dec 2022,0.0013331357905786347,in the last 30 days
