value,change,top_label,arrow,bottom_label
377.446209,0.9631340427126897,as of 09 May 2024,0.009631340427126897,in the last 30 days
