value,change,top_label,arrow,bottom_label
669.891487,1.3054129768472285,as of 20 Aug 2023,0.013054129768472285,in the last 30 days
