value,change,top_label,arrow,bottom_label
612.898872,-0.5004369685009568,as of 26 Dec 2022,-0.005004369685009567,in the last 30 days
