value,change,top_label,arrow,bottom_label
679.207201,0.22696429907046642,as of 23 Oct 2023,0.0022696429907046642,in the last 30 days
