value,change,top_label,arrow,bottom_label
552.671162,-10.31190672407279,as of 17 Jan 2024,-0.10311906724072789,in the last 30 days
