value,change,top_label,arrow,bottom_label
372.635839,-8.985439986879141,as of 04 Apr 2024,-0.08985439986879142,in the last 30 days
