value,change,top_label,arrow,bottom_label
374.634518,-26.67008683503293,as of 27 Mar 2024,-0.2667008683503293,in the last 30 days
