value,change,top_label,arrow,bottom_label
615.653788,-9.506658398547755,as of 17 Dec 2023,-0.09506658398547754,in the last 30 days
