value,change,top_label,arrow,bottom_label
360.648916,-2.486121704175126,as of 20 May 2024,-0.02486121704175126,in the last 30 days
