value,change,top_label,arrow,bottom_label
628.140404,-7.381267643260735,as of 05 Dec 2023,-0.07381267643260735,in the last 30 days
