value,change,top_label,arrow,bottom_label
375.734704,1.561213606953093,as of 13 May 2024,0.015612136069530932,in the last 30 days
