value,change,top_label,arrow,bottom_label
616.831965,0.16591946243386127,as of 13 Dec 2022,0.0016591946243386128,in the last 30 days
