value,change,top_label,arrow,bottom_label
577.218116,-10.04733836215058,as of 27 Jul 2023,-0.10047338362150579,in the last 30 days
