value,change,top_label,arrow,bottom_label
531.81648,-8.36269454341276,as of 04 Feb 2024,-0.08362694543412759,in the last 30 days
