value,change,top_label,arrow,bottom_label
642.643555,5.078329890823281,as of 13 Feb 2023,0.050783298908232806,in the last 30 days
