value,change,top_label,arrow,bottom_label
673.665857,2.3425644107958297,as of 03 Sep 2023,0.023425644107958297,in the last 30 days
