value,change,top_label,arrow,bottom_label
364.687876,-4.240814582280765,as of 19 Jun 2024,-0.04240814582280766,in the last 30 days
