value,change,top_label,arrow,bottom_label
374.695054,-26.40192290763061,as of 28 Mar 2024,-0.2640192290763061,in the last 30 days
