value,change,top_label,arrow,bottom_label
614.368955,1.681265688549606,as of 01 Dec 2022,0.01681265688549606,in the last 30 days
