value,change,top_label,arrow,bottom_label
628.738092,-5.11998309013672,as of 24 Jun 2023,-0.0511998309013672,in the last 30 days
