value,change,top_label,arrow,bottom_label
671.461934,1.1811970369283453,as of 12 Sep 2023,0.011811970369283453,in the last 30 days
