value,change,top_label,arrow,bottom_label
593.6381,-11.118788967374908,as of 27 Dec 2023,-0.11118788967374908,in the last 30 days
