value,change,top_label,arrow,bottom_label
492.467709,-0.4859459543805506,as of 28 Aug 2024,-0.004859459543805506,in the last 30 days
