value,change,top_label,arrow,bottom_label
587.131098,-10.230864492649404,as of 03 May 2023,-0.10230864492649404,in the last 30 days
