value,change,top_label,arrow,bottom_label
582.02096,-9.222784691594105,as of 20 May 2023,-0.09222784691594106,in the last 30 days
