value,change,top_label,arrow,bottom_label
614.650159,1.9224796707280438,as of 18 Nov 2022,0.019224796707280438,in the last 30 days
