value,change,top_label,arrow,bottom_label
614.567076,2.0862122787412596,as of 23 Nov 2022,0.020862122787412597,in the last 30 days
