value,change,top_label,arrow,bottom_label
679.609243,0.2536284943525514,as of 22 Oct 2023,0.002536284943525514,in the last 30 days
