value,change,top_label,arrow,bottom_label
486.737786,-0.1950752863483345,as of 17 Aug 2024,-0.001950752863483345,in the last 30 days
