value,change,top_label,arrow,bottom_label
576.385659,2.2628169932349707,as of 08 Nov 2022,0.022628169932349708,in the last 30 days
