value,change,top_label,arrow,bottom_label
677.818994,0.6304224283361295,as of 06 Oct 2023,0.006304224283361295,in the last 30 days
