value,change,top_label,arrow,bottom_label
580.07246,-8.09289728438138,as of 03 Aug 2023,-0.0809289728438138,in the last 30 days
