value,change,top_label,arrow,bottom_label
613.670613,-0.6446606798848624,as of 20 Dec 2022,-0.006446606798848624,in the last 30 days
