value,change,top_label,arrow,bottom_label
492.539677,-0.3295039472205383,as of 27 Aug 2024,-0.0032950394722053825,in the last 30 days
