value,change,top_label,arrow,bottom_label
593.958552,-5.222504985416738,as of 29 Dec 2023,-0.052225049854167385,in the last 30 days
