value,change,top_label,arrow,bottom_label
362.950853,-2.413224016791479,as of 24 May 2024,-0.02413224016791479,in the last 30 days
