value,change,top_label,arrow,bottom_label
616.471546,0.07150272504032658,as of 31 Jan 2023,0.0007150272504032657,in the last 30 days
