value,change,top_label,arrow,bottom_label
594.170969,-7.252411581266974,as of 26 May 2023,-0.07252411581266974,in the last 30 days
