value,change,top_label,arrow,bottom_label
364.541411,-2.9905933173364674,as of 06 Jun 2024,-0.029905933173364676,in the last 30 days
