value,change,top_label,arrow,bottom_label
677.505638,1.5646428462208675,as of 22 Sep 2023,0.015646428462208675,in the last 30 days
