value,change,top_label,arrow,bottom_label
658.833117,0.02845748554006692,as of 07 Jun 2023,0.0002845748554006692,in the last 30 days
