value,change,top_label,arrow,bottom_label
673.954826,1.9442973027107069,as of 07 Sep 2023,0.01944297302710707,in the last 30 days
