value,change,top_label,arrow,bottom_label
532.418097,-8.366866294584534,as of 05 Feb 2024,-0.08366866294584535,in the last 30 days
