value,change,top_label,arrow,bottom_label
621.244235,-6.678596324667535,as of 13 Jul 2023,-0.06678596324667535,in the last 30 days
