value,change,top_label,arrow,bottom_label
604.586093,-0.6215801257721514,as of 24 Oct 2022,-0.006215801257721514,in the last 30 days
