value,change,top_label,arrow,bottom_label
646.429413,-1.7786960896507953,as of 21 Jun 2023,-0.017786960896507952,in the last 30 days
