value,change,top_label,arrow,bottom_label
616.504748,0.2051625168853541,as of 11 Dec 2022,0.002051625168853541,in the last 30 days
