value,change,top_label,arrow,bottom_label
495.78791,24.660843143479518,as of 01 Aug 2024,0.2466084314347952,in the last 30 days
