value,change,top_label,arrow,bottom_label
667.752064,-1.686545281489146,as of 22 Nov 2023,-0.01686545281489146,in the last 30 days
