value,change,top_label,arrow,bottom_label
616.394732,0.07412773494525751,as of 08 Dec 2022,0.0007412773494525751,in the last 30 days
