value,change,top_label,arrow,bottom_label
607.655273,0.8077511587606525,as of 04 Nov 2022,0.008077511587606525,in the last 30 days
