value,change,top_label,arrow,bottom_label
602.857586,-1.338335632526782,as of 13 Oct 2022,-0.013383356325267819,in the last 30 days
