value,change,top_label,arrow,bottom_label
407.683043,-23.726863701923726,as of 18 Mar 2024,-0.23726863701923726,in the last 30 days
