value,change,top_label,arrow,bottom_label
363.369802,-2.426024086185464,as of 26 May 2024,-0.02426024086185464,in the last 30 days
