value,change,top_label,arrow,bottom_label
486.734328,22.192596645029283,as of 20 Jul 2024,0.22192596645029283,in the last 30 days
