value,change,top_label,arrow,bottom_label
531.451118,-8.358369390763084,as of 03 Feb 2024,-0.08358369390763083,in the last 30 days
