value,change,top_label,arrow,bottom_label
578.602541,-9.854684239140731,as of 28 Jul 2023,-0.0985468423914073,in the last 30 days
