value,change,top_label,arrow,bottom_label
680.692189,0.7272259173703081,as of 20 Oct 2023,0.00727225917370308,in the last 30 days
