value,change,top_label,arrow,bottom_label
669.19303,1.0128985214697332,as of 16 Aug 2023,0.010128985214697333,in the last 30 days
