value,change,top_label,arrow,bottom_label
362.32446,-2.33687840817713,as of 23 May 2024,-0.023368784081771298,in the last 30 days
