value,change,top_label,arrow,bottom_label
584.933858,-10.428448928960828,as of 05 May 2023,-0.10428448928960828,in the last 30 days
