value,change,top_label,arrow,bottom_label
495.139972,1.5416989621541184,as of 23 Aug 2024,0.015416989621541184,in the last 30 days
