value,change,top_label,arrow,bottom_label
357.505031,-11.380930827374682,as of 20 Apr 2024,-0.11380930827374681,in the last 30 days
