value,change,top_label,arrow,bottom_label
596.448452,-10.714722604129197,as of 22 Dec 2023,-0.10714722604129197,in the last 30 days
