value,change,top_label,arrow,bottom_label
677.271223,1.6059755049344069,as of 23 Sep 2023,0.01605975504934407,in the last 30 days
