value,change,top_label,arrow,bottom_label
380.164441,-3.8372646740435647,as of 11 Jul 2024,-0.03837264674043565,in the last 30 days
