value,change,top_label,arrow,bottom_label
611.737712,-1.0192418834520143,as of 12 Jan 2023,-0.010192418834520142,in the last 30 days
