value,change,top_label,arrow,bottom_label
484.594155,-0.8982501984405594,as of 08 Aug 2024,-0.008982501984405594,in the last 30 days
