value,change,top_label,arrow,bottom_label
409.429507,-23.013008735645048,as of 05 Mar 2024,-0.2301300873564505,in the last 30 days
