value,change,top_label,arrow,bottom_label
397.619249,-23.10567156229116,as of 24 Mar 2024,-0.2310567156229116,in the last 30 days
