value,change,top_label,arrow,bottom_label
644.120041,-2.183454021290083,as of 10 Jun 2023,-0.02183454021290083,in the last 30 days
