value,change,top_label,arrow,bottom_label
678.733263,1.0233253614599527,as of 14 Oct 2023,0.010233253614599527,in the last 30 days
