value,change,top_label,arrow,bottom_label
628.673318,-7.25123136223685,as of 06 Dec 2023,-0.0725123136223685,in the last 30 days
