value,change,top_label,arrow,bottom_label
381.582547,-3.047078520764814,as of 08 Jul 2024,-0.03047078520764814,in the last 30 days
