value,change,top_label,arrow,bottom_label
628.792905,-7.294709000329419,as of 07 Dec 2023,-0.07294709000329419,in the last 30 days
