value,change,top_label,arrow,bottom_label
577.613047,-9.91711889962578,as of 25 Jul 2023,-0.0991711889962578,in the last 30 days
