value,change,top_label,arrow,bottom_label
612.556496,-0.8634376898517662,as of 11 Jan 2023,-0.008634376898517662,in the last 30 days
