value,change,top_label,arrow,bottom_label
653.904702,-0.6568230718610955,as of 18 Jun 2023,-0.006568230718610954,in the last 30 days
