value,change,top_label,arrow,bottom_label
648.678906,-1.6328013519765379,as of 24 Mar 2023,-0.01632801351976538,in the last 30 days
