value,change,top_label,arrow,bottom_label
356.515537,-13.019899125826845,as of 17 Apr 2024,-0.13019899125826845,in the last 30 days
