value,change,top_label,arrow,bottom_label
374.159652,-8.693449783620162,as of 07 Apr 2024,-0.08693449783620162,in the last 30 days
