value,change,top_label,arrow,bottom_label
616.157544,-0.1938239259255357,as of 17 Dec 2022,-0.0019382392592553572,in the last 30 days
