value,change,top_label,arrow,bottom_label
591.117819,-9.620539213723585,as of 29 Apr 2023,-0.09620539213723586,in the last 30 days
