value,change,top_label,arrow,bottom_label
602.96419,2.2749171853881913,as of 14 Nov 2022,0.02274917185388191,in the last 30 days
