value,change,top_label,arrow,bottom_label
530.479217,-8.070961434167348,as of 02 Feb 2024,-0.08070961434167348,in the last 30 days
