value,change,top_label,arrow,bottom_label
646.123178,-1.9368395792721969,as of 20 Jun 2023,-0.019368395792721968,in the last 30 days
