value,change,top_label,arrow,bottom_label
357.086242,-11.658974829873147,as of 19 Apr 2024,-0.11658974829873146,in the last 30 days
