value,change,top_label,arrow,bottom_label
530.1142,-10.767891747266932,as of 28 Jan 2024,-0.10767891747266932,in the last 30 days
