value,change,top_label,arrow,bottom_label
613.263756,1.7033544159892868,as of 19 Nov 2022,0.017033544159892867,in the last 30 days
