value,change,top_label,arrow,bottom_label
651.398201,-1.2454930378084978,as of 10 Apr 2023,-0.012454930378084978,in the last 30 days
