value,change,top_label,arrow,bottom_label
678.867685,-0.00011371864343374552,as of 08 Nov 2023,-1.1371864343374552e-06,in the last 30 days
