value,change,top_label,arrow,bottom_label
642.339565,4.875631130404521,as of 12 Feb 2023,0.04875631130404521,in the last 30 days
