value,change,top_label,arrow,bottom_label
658.806569,-2.1937006741068656,as of 10 Oct 2023,-0.021937006741068656,in the last 30 days
