value,change,top_label,arrow,bottom_label
654.54228,-1.5535876876710355,as of 03 Apr 2023,-0.015535876876710356,in the last 30 days
