value,change,top_label,arrow,bottom_label
533.25791,-5.762832993466635,as of 08 Feb 2024,-0.05762832993466634,in the last 30 days
