value,change,top_label,arrow,bottom_label
363.819999,-3.2024478611605423,as of 04 Jun 2024,-0.03202447861160542,in the last 30 days
