value,change,top_label,arrow,bottom_label
402.806829,-24.53443387441502,as of 14 Mar 2024,-0.24534433874415018,in the last 30 days
