value,change,top_label,arrow,bottom_label
495.074354,1.4745089879712185,as of 16 Aug 2024,0.014745089879712186,in the last 30 days
