value,change,top_label,arrow,bottom_label
676.89549,-0.46406786992965343,as of 28 Oct 2023,-0.004640678699296534,in the last 30 days
