value,change,top_label,arrow,bottom_label
616.475751,2.0786580628044797,as of 29 Nov 2022,0.020786580628044796,in the last 30 days
