value,change,top_label,arrow,bottom_label
409.926277,-23.15356715530873,as of 09 Mar 2024,-0.23153567155308727,in the last 30 days
