value,change,top_label,arrow,bottom_label
674.957161,1.291747441519839,as of 20 Sep 2023,0.012917474415198388,in the last 30 days
