value,change,top_label,arrow,bottom_label
680.657392,0.22119629853165537,as of 15 Nov 2023,0.0022119629853165537,in the last 30 days
