value,change,top_label,arrow,bottom_label
487.512058,22.791116563791793,as of 18 Jul 2024,0.2279111656379179,in the last 30 days
