value,change,top_label,arrow,bottom_label
667.469443,-1.7862911849773062,as of 21 Nov 2023,-0.017862911849773063,in the last 30 days
