value,change,top_label,arrow,bottom_label
626.24034,-8.081710565207125,as of 14 Dec 2023,-0.08081710565207124,in the last 30 days
