value,change,top_label,arrow,bottom_label
533.950052,-5.53986230513722,as of 09 Feb 2024,-0.0553986230513722,in the last 30 days
