value,change,top_label,arrow,bottom_label
564.878375,-9.903368037846194,as of 12 Jan 2024,-0.09903368037846194,in the last 30 days
