value,change,top_label,arrow,bottom_label
678.758662,1.0345323288775776,as of 16 Oct 2023,0.010345323288775776,in the last 30 days
