value,change,top_label,arrow,bottom_label
678.999491,1.4649164450580574,as of 27 Sep 2023,0.014649164450580574,in the last 30 days
