value,change,top_label,arrow,bottom_label
379.42638,-0.9830948714124448,as of 16 Jul 2024,-0.009830948714124448,in the last 30 days
