value,change,top_label,arrow,bottom_label
659.202459,3.7741503897406132,as of 08 Mar 2023,0.03774150389740613,in the last 30 days
