value,change,top_label,arrow,bottom_label
585.974281,-9.629574243184713,as of 14 May 2023,-0.09629574243184713,in the last 30 days
