value,change,top_label,arrow,bottom_label
679.107943,0.8381808842196053,as of 05 Oct 2023,0.008381808842196053,in the last 30 days
