value,change,top_label,arrow,bottom_label
616.409737,-0.3031835163628689,as of 28 Jan 2023,-0.003031835163628689,in the last 30 days
