value,change,top_label,arrow,bottom_label
600.817053,-2.3483338515973644,as of 21 Jan 2023,-0.023483338515973645,in the last 30 days
