value,change,top_label,arrow,bottom_label
639.810325,-1.1708898039144238,as of 22 Apr 2023,-0.011708898039144239,in the last 30 days
