value,change,top_label,arrow,bottom_label
635.168351,-2.165353270694804,as of 24 Apr 2023,-0.02165353270694804,in the last 30 days
