value,change,top_label,arrow,bottom_label
372.231303,-8.09030124564379,as of 13 Apr 2024,-0.0809030124564379,in the last 30 days
