value,change,top_label,arrow,bottom_label
611.024115,-3.0609657525354454,as of 05 Aug 2023,-0.030609657525354456,in the last 30 days
