value,change,top_label,arrow,bottom_label
534.49869,-3.664943639519269,as of 17 Feb 2024,-0.03664943639519269,in the last 30 days
