value,change,top_label,arrow,bottom_label
553.4486,-10.10392353827278,as of 16 Jan 2024,-0.1010392353827278,in the last 30 days
