value,change,top_label,arrow,bottom_label
410.131517,-23.13154891342724,as of 11 Mar 2024,-0.23131548913427238,in the last 30 days
