value,change,top_label,arrow,bottom_label
629.921364,-5.440608820894981,as of 30 Jun 2023,-0.054406088208949814,in the last 30 days
