value,change,top_label,arrow,bottom_label
378.532018,1.360035129675125,as of 03 May 2024,0.01360035129675125,in the last 30 days
