value,change,top_label,arrow,bottom_label
678.135214,0.9779236078137481,as of 15 Oct 2023,0.009779236078137481,in the last 30 days
