value,change,top_label,arrow,bottom_label
613.835883,-0.40800752636518717,as of 06 Jan 2023,-0.004080075263651872,in the last 30 days
