value,change,top_label,arrow,bottom_label
619.07419,1.4347552203907674,as of 31 Dec 2022,0.014347552203907675,in the last 30 days
