value,change,top_label,arrow,bottom_label
546.497841,-8.367981802644296,as of 21 Jan 2024,-0.08367981802644296,in the last 30 days
