value,change,top_label,arrow,bottom_label
632.859219,-2.7244982468292553,as of 26 Apr 2023,-0.027244982468292555,in the last 30 days
