value,change,top_label,arrow,bottom_label
371.548566,-2.67222167727537,as of 20 Jun 2024,-0.0267222167727537,in the last 30 days
