value,change,top_label,arrow,bottom_label
648.380327,-1.4837603624538838,as of 22 Mar 2023,-0.014837603624538837,in the last 30 days
