value,change,top_label,arrow,bottom_label
580.430346,-8.00571094272042,as of 04 Aug 2023,-0.0800571094272042,in the last 30 days
