value,change,top_label,arrow,bottom_label
601.093912,0.5573908631645615,as of 01 Jun 2023,0.005573908631645615,in the last 30 days
