value,change,top_label,arrow,bottom_label
613.855735,-0.21202791183873473,as of 12 Aug 2023,-0.0021202791183873473,in the last 30 days
