value,change,top_label,arrow,bottom_label
669.80048,1.1675587336579072,as of 18 Aug 2023,0.011675587336579071,in the last 30 days
