value,change,top_label,arrow,bottom_label
381.504632,1.6172821372699153,as of 01 Jun 2024,0.016172821372699153,in the last 30 days
