value,change,top_label,arrow,bottom_label
634.160751,3.0701068039150066,as of 05 Feb 2023,0.030701068039150067,in the last 30 days
