value,change,top_label,arrow,bottom_label
645.61181,1.3445041189296438,as of 10 Mar 2023,0.013445041189296437,in the last 30 days
