value,change,top_label,arrow,bottom_label
376.298446,-1.3578968615667653,as of 16 Jun 2024,-0.013578968615667653,in the last 30 days
