value,change,top_label,arrow,bottom_label
407.670011,-23.60942401805203,as of 16 Mar 2024,-0.23609424018052033,in the last 30 days
