value,change,top_label,arrow,bottom_label
374.534795,-0.143634769044793,as of 26 Apr 2024,-0.0014363476904479299,in the last 30 days
