value,change,top_label,arrow,bottom_label
671.98296,1.119875796603871,as of 17 Sep 2023,0.011198757966038711,in the last 30 days
