value,change,top_label,arrow,bottom_label
376.18122,1.6165822727003016,as of 14 May 2024,0.016165822727003017,in the last 30 days
