value,change,top_label,arrow,bottom_label
616.976391,2.172262946170681,as of 12 Nov 2022,0.02172262946170681,in the last 30 days
