value,change,top_label,arrow,bottom_label
649.662738,5.985985098595785,as of 17 Feb 2023,0.059859850985957856,in the last 30 days
