value,change,top_label,arrow,bottom_label
382.138859,-25.228602188197147,as of 25 Mar 2024,-0.25228602188197147,in the last 30 days
