value,change,top_label,arrow,bottom_label
374.330752,-9.179324279080339,as of 09 Apr 2024,-0.09179324279080339,in the last 30 days
