value,change,top_label,arrow,bottom_label
668.712248,-1.5472213434176656,as of 23 Nov 2023,-0.015472213434176657,in the last 30 days
