value,change,top_label,arrow,bottom_label
534.051821,-2.5680233925998506,as of 18 Feb 2024,-0.025680233925998504,in the last 30 days
