value,change,top_label,arrow,bottom_label
593.995512,-5.26179397660653,as of 31 Dec 2023,-0.0526179397660653,in the last 30 days
