value,change,top_label,arrow,bottom_label
577.051747,-8.037617464834675,as of 03 Jan 2024,-0.08037617464834675,in the last 30 days
