value,change,top_label,arrow,bottom_label
613.785036,-0.03868408321443366,as of 25 Jan 2023,-0.00038684083214433657,in the last 30 days
