value,change,top_label,arrow,bottom_label
534.020709,-4.075620334669014,as of 14 Feb 2024,-0.04075620334669014,in the last 30 days
