value,change,top_label,arrow,bottom_label
534.063006,-10.19586181376306,as of 24 Jan 2024,-0.10195861813763059,in the last 30 days
