value,change,top_label,arrow,bottom_label
564.500266,-9.95001432137069,as of 10 Jan 2024,-0.0995001432137069,in the last 30 days
