value,change,top_label,arrow,bottom_label
382.088721,-2.3732708306911143,as of 03 Jul 2024,-0.023732708306911144,in the last 30 days
