value,change,top_label,arrow,bottom_label
659.115334,-0.0585910506077313,as of 08 Jun 2023,-0.000585910506077313,in the last 30 days
