value,change,top_label,arrow,bottom_label
357.542585,-10.251001338960837,as of 22 Apr 2024,-0.10251001338960837,in the last 30 days
