value,change,top_label,arrow,bottom_label
402.726278,-24.551465953760577,as of 12 Mar 2024,-0.24551465953760576,in the last 30 days
