value,change,top_label,arrow,bottom_label
665.926483,1.277023274611867,as of 24 Aug 2023,0.012770232746118671,in the last 30 days
