value,change,top_label,arrow,bottom_label
576.367982,-10.015761230887904,as of 01 Aug 2023,-0.10015761230887904,in the last 30 days
