value,change,top_label,arrow,bottom_label
495.553173,24.67368823980391,as of 31 Jul 2024,0.2467368823980391,in the last 30 days
