value,change,top_label,arrow,bottom_label
593.406294,-11.506129303223831,as of 26 Dec 2023,-0.11506129303223832,in the last 30 days
