value,change,top_label,arrow,bottom_label
650.805162,0.8081321739895277,as of 12 Apr 2023,0.008081321739895278,in the last 30 days
