value,change,top_label,arrow,bottom_label
678.104238,-0.11463162697862753,as of 07 Nov 2023,-0.0011463162697862752,in the last 30 days
