value,change,top_label,arrow,bottom_label
381.664649,-2.5804547290192317,as of 04 Jul 2024,-0.02580454729019232,in the last 30 days
