value,change,top_label,arrow,bottom_label
357.589849,-12.76667953801249,as of 15 Apr 2024,-0.1276667953801249,in the last 30 days
