value,change,top_label,arrow,bottom_label
678.94957,0.15604113093095773,as of 02 Nov 2023,0.0015604113093095773,in the last 30 days
