value,change,top_label,arrow,bottom_label
571.268785,-8.9603688185902,as of 07 Jan 2024,-0.089603688185902,in the last 30 days
