value,change,top_label,arrow,bottom_label
669.184303,-1.0734884062881656,as of 25 Nov 2023,-0.010734884062881655,in the last 30 days
