value,change,top_label,arrow,bottom_label
653.66442,-0.62157057911685,as of 14 Jun 2023,-0.0062157057911685,in the last 30 days
