value,change,top_label,arrow,bottom_label
680.602034,-0.013244606219508124,as of 19 Nov 2023,-0.00013244606219508124,in the last 30 days
