value,change,top_label,arrow,bottom_label
651.862893,-1.8425025838732976,as of 28 Mar 2023,-0.018425025838732977,in the last 30 days
