value,change,top_label,arrow,bottom_label
606.561779,-0.15810415596976848,as of 29 Oct 2022,-0.0015810415596976847,in the last 30 days
