value,change,top_label,arrow,bottom_label
646.471845,1.0751545530653819,as of 12 Mar 2023,0.010751545530653819,in the last 30 days
