value,change,top_label,arrow,bottom_label
484.200372,-1.2060951409791612,as of 07 Aug 2024,-0.012060951409791612,in the last 30 days
