value,change,top_label,arrow,bottom_label
630.026333,-5.045504022831532,as of 25 Jun 2023,-0.050455040228315325,in the last 30 days
