value,change,top_label,arrow,bottom_label
487.127262,-1.3492268662667106,as of 04 Sep 2024,-0.013492268662667107,in the last 30 days
