value,change,top_label,arrow,bottom_label
610.803946,1.9804457932519768,as of 06 Nov 2022,0.019804457932519767,in the last 30 days
