value,change,top_label,arrow,bottom_label
600.986278,-1.1905453101329837,as of 09 Oct 2022,-0.011905453101329837,in the last 30 days
