value,change,top_label,arrow,bottom_label
613.35006,-2.195970295457645,as of 11 Aug 2023,-0.02195970295457645,in the last 30 days
