value,change,top_label,arrow,bottom_label
485.872033,22.193746850010186,as of 25 Jul 2024,0.22193746850010188,in the last 30 days
