value,change,top_label,arrow,bottom_label
615.280539,-9.566086652556944,as of 16 Dec 2023,-0.09566086652556943,in the last 30 days
