value,change,top_label,arrow,bottom_label
363.331104,-2.6901280957517875,as of 27 May 2024,-0.026901280957517874,in the last 30 days
