value,change,top_label,arrow,bottom_label
600.602377,-2.4272393697818204,as of 22 Jan 2023,-0.024272393697818202,in the last 30 days
