value,change,top_label,arrow,bottom_label
373.370543,-8.703393999514173,as of 05 Apr 2024,-0.08703393999514172,in the last 30 days
