value,change,top_label,arrow,bottom_label
594.662855,-11.109958340059672,as of 23 Dec 2023,-0.11109958340059672,in the last 30 days
