value,change,top_label,arrow,bottom_label
626.874354,-7.875364526811872,as of 11 Dec 2023,-0.07875364526811872,in the last 30 days
