value,change,top_label,arrow,bottom_label
373.246784,-8.794034051638205,as of 06 Apr 2024,-0.08794034051638205,in the last 30 days
