value,change,top_label,arrow,bottom_label
668.851553,1.1179346732248223,as of 17 Aug 2023,0.011179346732248224,in the last 30 days
