value,change,top_label,arrow,bottom_label
495.010403,1.2449585467671969,as of 12 Aug 2024,0.01244958546767197,in the last 30 days
