value,change,top_label,arrow,bottom_label
643.927159,5.321924991609685,as of 15 Feb 2023,0.053219249916096854,in the last 30 days
