value,change,top_label,arrow,bottom_label
487.072317,22.36582375655383,as of 23 Jul 2024,0.2236582375655383,in the last 30 days
