value,change,top_label,arrow,bottom_label
605.140465,-0.5756717415709194,as of 18 Oct 2022,-0.005756717415709194,in the last 30 days
