value,change,top_label,arrow,bottom_label
377.506477,1.1172460414027383,as of 08 May 2024,0.011172460414027384,in the last 30 days
