value,change,top_label,arrow,bottom_label
672.504781,2.368248620541335,as of 31 Aug 2023,0.023682486205413352,in the last 30 days
