value,change,top_label,arrow,bottom_label
671.095094,1.1310942316406398,as of 16 Sep 2023,0.011310942316406399,in the last 30 days
