value,change,top_label,arrow,bottom_label
615.685023,2.5407911135698997,as of 15 Nov 2022,0.025407911135698995,in the last 30 days
