value,change,top_label,arrow,bottom_label
494.671843,24.51044605324185,as of 29 Jul 2024,0.2451044605324185,in the last 30 days
