value,change,top_label,arrow,bottom_label
614.119243,-0.028617519081087683,as of 13 Aug 2023,-0.0002861751908108768,in the last 30 days
