value,change,top_label,arrow,bottom_label
616.518027,0.15683565743439504,as of 12 Dec 2022,0.0015683565743439504,in the last 30 days
