value,change,top_label,arrow,bottom_label
611.625967,-8.012134964322037,as of 15 Jul 2023,-0.08012134964322037,in the last 30 days
