value,change,top_label,arrow,bottom_label
603.064905,1.9855877404397089,as of 06 Jun 2023,0.01985587740439709,in the last 30 days
