value,change,top_label,arrow,bottom_label
654.294771,-0.9510674880025813,as of 04 Apr 2023,-0.009510674880025813,in the last 30 days
