value,change,top_label,arrow,bottom_label
579.677464,-7.8110679381791055,as of 06 Jan 2024,-0.07811067938179106,in the last 30 days
