value,change,top_label,arrow,bottom_label
678.367222,-0.10974205401675322,as of 03 Nov 2023,-0.0010974205401675322,in the last 30 days
