value,change,top_label,arrow,bottom_label
366.685113,-2.645213572522931,as of 10 Jun 2024,-0.02645213572522931,in the last 30 days
