value,change,top_label,arrow,bottom_label
614.211895,-0.35222163007048496,as of 07 Jan 2023,-0.00352221630070485,in the last 30 days
