value,change,top_label,arrow,bottom_label
637.401126,-1.6854778077337824,as of 21 Apr 2023,-0.016854778077337824,in the last 30 days
