value,change,top_label,arrow,bottom_label
604.769191,-0.6717157908514295,as of 17 Oct 2022,-0.0067171579085142956,in the last 30 days
