value,change,top_label,arrow,bottom_label
614.532212,-0.38318593862466016,as of 19 Dec 2022,-0.0038318593862466015,in the last 30 days
