value,change,top_label,arrow,bottom_label
376.018897,1.2077558894496596,as of 10 May 2024,0.012077558894496597,in the last 30 days
