value,change,top_label,arrow,bottom_label
609.710101,-8.565008646964504,as of 08 Jul 2023,-0.08565008646964505,in the last 30 days
