value,change,top_label,arrow,bottom_label
495.807729,1.740935304079113,as of 21 Aug 2024,0.01740935304079113,in the last 30 days
