value,change,top_label,arrow,bottom_label
365.638257,-2.712765972024327,as of 08 Jun 2024,-0.02712765972024327,in the last 30 days
