value,change,top_label,arrow,bottom_label
643.887905,-2.322581306570741,as of 12 Jun 2023,-0.02322581306570741,in the last 30 days
