value,change,top_label,arrow,bottom_label
585.703058,-7.72877107605572,as of 24 May 2023,-0.0772877107605572,in the last 30 days
