value,change,top_label,arrow,bottom_label
616.89919,-0.5102623911981969,as of 30 Jan 2023,-0.00510262391198197,in the last 30 days
