value,change,top_label,arrow,bottom_label
670.666423,2.096906765542787,as of 16 Jun 2023,0.02096906765542787,in the last 30 days
