value,change,top_label,arrow,bottom_label
618.105179,-7.33436202473619,as of 06 Jul 2023,-0.0733436202473619,in the last 30 days
