value,change,top_label,arrow,bottom_label
605.257682,-0.6275923688955503,as of 26 Oct 2022,-0.006275923688955502,in the last 30 days
