value,change,top_label,arrow,bottom_label
612.407651,-7.995394214431155,as of 16 Jul 2023,-0.07995394214431155,in the last 30 days
