value,change,top_label,arrow,bottom_label
649.220156,6.102219902006431,as of 16 Feb 2023,0.06102219902006431,in the last 30 days
