value,change,top_label,arrow,bottom_label
673.36961,2.0151655735714464,as of 04 Sep 2023,0.020151655735714463,in the last 30 days
