value,change,top_label,arrow,bottom_label
648.354482,-2.3445561182953134,as of 26 Mar 2023,-0.023445561182953132,in the last 30 days
