value,change,top_label,arrow,bottom_label
605.382678,-0.009033634628411466,as of 31 Oct 2022,-9.033634628411466e-05,in the last 30 days
