value,change,top_label,arrow,bottom_label
617.152858,0.714930718852096,as of 29 Dec 2022,0.007149307188520961,in the last 30 days
