value,change,top_label,arrow,bottom_label
664.961374,-0.9239020735397254,as of 11 Oct 2023,-0.009239020735397254,in the last 30 days
