value,change,top_label,arrow,bottom_label
493.120826,-0.3026895607230682,as of 29 Aug 2024,-0.003026895607230682,in the last 30 days
