value,change,top_label,arrow,bottom_label
611.977824,1.5844037921869318,as of 16 Nov 2022,0.01584403792186932,in the last 30 days
