value,change,top_label,arrow,bottom_label
615.819416,1.9604183095117147,as of 09 Nov 2022,0.019604183095117148,in the last 30 days
