value,change,top_label,arrow,bottom_label
380.394693,-3.1504490925918303,as of 12 Jul 2024,-0.0315044909259183,in the last 30 days
